Student_ID,Attendance_Rate,Missing_Assignments,GPA_Trend,Current_GPA,Previous_GPA,Assessment_Average,Study_Activity,At_Risk
ST0001,68.72700594236812,3,1.424617600293729,3.8571353499901306,2.4325177496964017,87.88581221449371,30.950171599373107,0
ST0002,97.53571532049581,4,0.5435176513185147,2.4154883609413966,1.8719707096228821,75.2088024975716,33.843779760016545,1
ST0003,86.59969709057026,1,-0.24763178671877561,2.648329407206779,2.8959611939255545,89.4796957494632,29.914299876329284,0
ST0004,79.93292420985183,2,0.6051931222673543,4.0,3.793372253766872,68.52285224431292,27.624254396964194,0
ST0005,57.80093202212183,4,0.7689953594404773,3.247694685275517,2.4786993258350396,59.504560298831265,21.75615701823626,1
ST0006,57.79972601681013,4,0.839886607166338,4.0,3.6123759431815103,94.91995747060602,94.05587186157142,0
ST0007,52.90418060840997,4,-0.06636808304082709,1.434234103253839,1.5006021862946661,37.356400638461665,22.977051751553773,1
ST0008,93.30880728874675,3,-0.2103517256254559,1.7109348830225046,1.9212866086479605,90.64846432294797,28.396339728898255,1
ST0009,80.05575058716045,3,-1.466915747193299,0.10914310194191512,1.576058849135214,50.003156037205805,32.16391515827071,1
ST0010,85.40362888980228,1,1.279671345425514,3.600039296713186,2.320367951287672,90.16786130400791,93.97133858173785,0
ST0011,51.029224714790125,4,0.3099236351668293,4.0,3.770473989241257,44.047779872097564,78.01427202409762,1
ST0012,98.49549260809971,2,-0.8905381884300957,0.8518421205673737,1.7423803089974694,72.71423263988513,81.07294872839633,1
ST0013,91.62213204002109,2,1.25881025826431,4.0,3.016024441859501,92.72701473574568,19.428243358464826,0
ST0014,60.61695553391381,2,1.2447957053108891,3.8735355531094995,2.6287398477986104,65.78007704842788,85.26788875141045,0
ST0015,59.09124836035503,6,1.467552493098288,4.0,3.8461705309145313,83.52683379722055,46.73737736356762,1
ST0016,59.17022549267169,1,1.1221696894169364,2.9284675457596707,1.8062978563427345,87.3036551606113,33.654072359114984,1
ST0017,65.21211214797688,2,1.4933531634601942,3.5234227897157666,2.0300696262555724,82.87212356659064,61.81750751682795,0
ST0018,76.2378215816119,2,-0.7659414356301822,0.8079134858985509,1.5738549215287332,95.14643289684889,83.99646152350606,1
ST0019,71.5972509321058,2,1.0267487555977022,3.6115868796761363,2.584838124078434,64.04422498379536,80.07869359674184,0
ST0020,64.5614570099021,5,0.9690849263872936,3.1636671752989294,2.194582248911636,46.253153545735124,90.09977343230189,1
ST0021,80.59264473611897,3,-0.8071789223377988,2.8675859123880034,3.6747648347258024,38.10771914066119,93.53189674138996,1
ST0022,56.97469303260209,1,-1.2046873529970277,1.80766467999736,3.0123520329943876,51.01989152643783,31.43098642849746,1
ST0023,64.6072324267609,3,1.4382615410327988,4.0,3.0352268449392543,44.30783775221573,48.14721047523445,1
ST0024,68.31809216468459,5,-0.6119263454381689,2.217850396765087,2.829776742203256,71.26666819324123,11.316568528456301,1
ST0025,72.8034992108518,4,1.112675371403418,2.8423012144764206,1.7296258430730025,47.02144691876258,89.13894933385541,1
ST0026,89.25879806965068,4,-1.4876185359761882,1.1249281733371999,2.612546709313388,37.53069097380913,23.91149363272908,1
ST0027,59.98368910791799,5,-1.4369255783411934,2.561837395930098,3.9987629742712913,37.33933887646341,87.53273311084249,1
ST0028,75.71172192068059,2,-0.10238607391089483,3.4856871532041422,3.588073227115037,89.052017393716,39.64485897879368,0
ST0029,79.62072844310212,3,-0.7838559481948093,2.9497916872229806,3.73364763541779,73.44424554379661,43.13202309830244,1
ST0030,52.32252063599989,2,0.5695238503078928,4.0,3.5580658981162485,58.27554462306958,13.521902903547343,1
ST0031,80.37724259507192,8,0.196692976703863,1.9542972102813196,1.7576042335774567,93.12482277811606,39.419091078878765,1
ST0032,58.526206184364575,3,-1.2675426076485257,0.8010780275134735,2.068620635161999,39.56277974150139,89.95273145211377,1
ST0033,53.25257964926398,4,-1.0121151110528488,0.4956890173381754,1.5078041283910242,98.72093472730867,12.299266100944372,1
ST0034,97.44427686266667,5,-0.3358521898247573,1.9229231223705212,2.2587753121952785,75.05896636653996,46.56947257420528,1
ST0035,98.28160165372796,4,-0.9431878081337005,0.828330697732531,1.7715185058662315,46.92517650797515,12.825966683146703,1
ST0036,90.41986740582306,3,0.8766670417317859,3.5586504049857433,2.6819833632539574,79.13949143350295,43.38310825981585,0
ST0037,65.23068845866854,3,-0.25178929334015976,2.9410294280945948,3.1928187214347545,84.61978188593157,25.537657670226206,1
ST0038,54.883605700319194,1,-1.2197043994725023,2.4665588381226904,3.6862632375951927,62.907280919100344,32.69965539415348,1
ST0039,84.21165132560785,4,-0.04697129318362547,3.32607161954362,3.3730429127272457,91.00611940596059,88.98385358452771,0
ST0040,72.00762468698007,4,-1.2274854568157574,2.6189785326305057,3.846463989446263,44.797606474270566,49.24442985597019,1
ST0041,56.10191174223894,3,-1.1131880837405483,0.5215576422439236,1.634745725984472,53.12444293254454,34.641819226172096,1
ST0042,74.75884550556351,2,-0.7811705039153841,0.7492790846259695,1.5304495885413536,41.077003502959336,63.0404540155493,1
ST0043,51.71942605576092,5,1.0785831157424695,4.0,3.1533452845905314,48.70705963947789,22.78962638493241,1
ST0044,95.4660201039391,1,1.2738375969989155,3.497218622554531,2.2233810255556157,50.51737277422443,33.345244667877026,0
ST0045,62.93899908000085,7,0.9787731879962074,3.11252572826064,2.1337525402644326,94.64615740991115,59.16231708425997,1
ST0046,83.1261142176991,3,-0.4977683477464583,1.829449371488027,2.3272177192344854,40.07712976882515,31.377073766326195,1
ST0047,65.58555380447055,4,-0.682660676673505,1.4918294680574054,2.1744901447309104,62.781982812201115,71.12149636607859,1
ST0048,76.00340105889055,2,0.14746707237071766,2.926058088124686,2.7785910157539684,69.60591466974935,54.23421720335703,1
ST0049,77.33551396716399,0,0.6655594815993369,3.265930599659668,2.6003711180603313,93.41504849714045,79.47901632292218,0
ST0050,59.24272277627635,4,1.4801183644805245,4.0,2.7810713784416405,99.85025421297888,95.34200821502218,0
ST0051,98.47923138822793,3,-1.1052878643632214,2.076496164387869,3.1817840287510903,83.97022746978934,20.422440041266697,1
ST0052,88.75664116805572,4,-1.3521240029285866,1.1157022694992844,2.467826272427871,98.10141438698692,40.11985089860904,1
ST0053,96.97494707820945,3,0.583067666985813,2.711336884841205,2.128269217855392,86.1615736148318,38.759415659056586,0
ST0054,94.74136752138244,1,0.9966773505117166,2.91217869253358,1.9155013420218636,97.60817166314209,23.60646274035288,0
ST0055,79.89499894055426,0,1.0390463395992695,3.4127316384308335,2.373685298831564,80.97259718638958,82.92728236001237,0
ST0056,96.09371175115584,3,0.5353906472314822,3.8899068353469124,3.35451618811543,40.18462265431962,78.3890833634911,0
ST0057,54.424625102595975,2,1.362047412357561,4.0,3.391762275278674,61.12481215452397,53.59829237509591,0
ST0058,59.79914312095726,6,0.03301429063376071,3.200277757344286,3.1672634667105255,77.02882344716058,58.39937000151486,1
ST0059,52.2613644455269,2,1.2414443950086373,3.326514833275824,2.0850704382671865,57.79670311452631,15.358972420224664,1
ST0060,66.26651653816322,4,1.4034364109745692,4.0,2.970215614636744,52.76995467739561,59.9956617094341,1
ST0061,69.4338644844741,3,1.0414723710093234,3.9681965249514435,2.92672415394212,72.53095236365091,81.22073716176727,0
ST0062,63.567451588694794,7,-0.5707243102241382,2.1399411850501755,2.7106654952743137,95.67762198565828,61.64448162254715,1
ST0063,91.43687545759647,5,-0.9113530464891142,1.9635944194705466,2.8749474659596608,37.27382177854998,33.877573310837704,1
ST0064,67.83766633467947,4,0.14436019494545516,2.8738367765046253,2.72947658155917,85.00002823019345,70.07934451009035,1
ST0065,64.04672548436903,1,-0.14095574885943463,2.772685166325836,2.9136409151852707,81.97727307290077,42.53395869687229,1
ST0066,77.13480415791243,6,1.133275026578199,4.0,3.288764886552822,97.65697265023866,59.03859558571617,0
ST0067,57.04621124873813,1,-1.199904986798539,0.5741654992100604,1.7740704860085994,95.49622945161533,53.880882695103224,1
ST0068,90.10984903770199,2,-0.7267798160654442,2.6472845643071152,3.3740643803725594,84.54511653287253,44.305750086866205,1
ST0069,53.727532183988544,1,0.7553968335561256,2.5951122088751113,1.8397153753189854,68.82656970436892,74.69901823547215,1
ST0070,99.34434683002587,3,-1.2150400650680635,0.4515299309578733,1.6665699960259368,48.27739096017879,89.54885007872936,1
ST0071,88.61223846483287,2,-0.5377067579348994,3.4024924576187696,3.940199215553669,70.44032169116232,10.469126662923244,1
ST0072,59.93578407670862,1,-0.3385338178380506,3.553945604338053,3.8924794221761037,84.7478796047775,94.02548673073305,0
ST0073,50.27610585618012,0,0.36778138968806995,2.01887275203948,1.65109136235141,93.21849882146304,56.036362247490246,0
ST0074,90.77307142274171,1,-1.0256020628419062,1.5825315408454992,2.6081336036874054,86.33128059868568,73.06586923269387,0
ST0075,85.34286719238085,1,1.0818134710491285,3.0474258167985653,1.9656123457494368,47.692350787418505,87.00621095582895,0
ST0076,86.45035840204937,5,-0.15737329360117736,2.5559889492348677,2.713362242836045,73.97961042482386,52.039332308284294,1
ST0077,88.56351733429729,2,1.2510651356416695,4.0,3.5754431074989683,56.59127486953821,85.14766660284012,0
ST0078,53.70223258670452,6,-0.09639025909820509,3.7801391777590205,3.8765294368572256,35.5983683803918,25.9857837509682,1
ST0079,67.92328642721363,2,-0.6748792231777999,2.4107524104510434,3.0856316336288434,48.01436082626329,24.3250781031833,1
ST0080,55.79345297625649,5,-1.0745135139369753,1.3102506540925676,2.384764168029543,42.3593422456742,69.17242319705382,1
ST0081,93.15517129377967,2,-1.4887647158661457,1.5195491982453504,3.008313914111496,89.77674303006546,88.31287049965634,1
ST0082,81.1649063413779,1,0.09647245495450685,2.3764757202256326,2.2800032652711257,51.80290638960778,90.31835597824355,1
ST0083,66.54490124263246,1,-1.1785299092192298,2.596029192860921,3.774559102080151,53.50536797769111,67.93664125395219,1
ST0084,53.177917514301186,2,-0.3248167091064653,3.351184448658127,3.6760011577645924,97.39587716692748,57.29403071883857,1
ST0085,65.54911608578311,3,0.26781528371125995,3.1633946594104123,2.8955793756991524,59.640636998175395,39.82537789268646,1
ST0086,66.25916610133736,2,-0.6729423092918991,1.6390549791590021,2.3119972884509012,35.623066609385646,98.20003740393983,1
ST0087,86.4803089169032,1,-0.9743271229016542,1.2591470660557915,2.233474188957446,53.449999642498874,38.77261179996255,1
ST0088,81.87787356776066,5,0.8241648678280251,2.407709854590674,1.5835449867626488,42.75447273911781,76.97674965084339,1
ST0089,94.36063712881634,5,1.3403735168448616,4.0,3.5395521275632382,41.68255651283051,57.87836199145006,0
ST0090,73.61074625809746,2,-1.198678746414102,1.427279286183418,2.62595803259752,40.03667385882372,64.76611082728121,1
ST0091,55.97971229691508,1,-1.0332290268449764,1.2796032941556845,2.312832321000661,73.56186556139951,45.41324955297636,1
ST0092,85.66223936114974,3,1.380037971758156,4.0,2.6777758874943847,47.30760203594081,96.8340812925023,0
ST0093,88.03925243084487,0,-1.386647334563261,2.160197641573369,3.54684497613663,58.48078161266568,61.4514093489344,1
ST0094,78.06385987847482,2,1.4328970096514166,3.2444325289202194,1.811535519268803,91.03115154845109,94.4008867412911,0
ST0095,88.54835899772806,6,-1.4860665507450337,2.1580734198595346,3.6441399706045683,62.58197908675792,10.683227455652272,1
ST0096,74.68977981821953,7,1.121005966953994,4.0,3.743772087770885,94.51993775335644,61.540352487200884,1
ST0097,76.1366414690997,3,-0.5780244570367514,3.288745330547969,3.8667697875847207,67.36597347071441,74.54682007527443,1
ST0098,71.37705091792748,3,1.3157665745318896,3.809486555588459,2.4937199810565693,60.92437996458412,77.05721540459962,0
ST0099,51.27095633720476,3,-0.5491641340932436,1.4936868760009359,2.0428510100941795,83.77528026089561,91.44791936035132,1
ST0100,55.39457134966522,1,0.4629189646021681,2.8970210107689143,2.434102046166746,39.75638141992014,10.396144810340765,1
ST0101,51.57145928433671,3,-1.2599022907021902,1.072377949876318,2.332280240578508,40.81609489385713,10.02971433335288,1
ST0102,81.82052056318902,4,-0.773010565638783,1.1673742156183673,1.9403847812571502,77.37829140499244,52.503711471569375,1
ST0103,65.71779905381634,4,0.8210380394377523,3.8392047146914723,3.01816667525372,66.65114636055114,12.63643345048336,1
ST0104,75.42853455823514,1,0.08605756103645912,2.7776179623080317,2.6915604012715724,86.37699127074868,97.7079298296137,0
ST0105,95.37832369630465,3,1.2839071853611341,4.0,3.664252480810009,94.55760442732955,29.985865708725278,0
ST0106,62.464611457443745,0,-0.21374577497593705,1.3665281762292085,1.5802739512051456,60.24384704865059,52.53982564283602,1
ST0107,70.51914615178148,2,1.109437097441769,4.0,3.1096698188878156,73.76665172800202,15.502386701100125,0
ST0108,87.77755692715243,4,-0.15313368756528734,3.2542385087136156,3.407372196278903,67.54528080669513,56.98435745541327,1
ST0109,61.43990827458112,6,1.437744836105956,4.0,3.3987164229707676,98.80469261675813,44.19605126326677,1
ST0110,53.84899549143965,3,1.3795031441966303,4.0,3.7151849177388128,89.02048647817868,14.019402598950137,1
ST0111,64.4875726456884,2,-0.512589883331759,2.809994473741976,3.322584357073735,94.26295103802798,40.16118400266023,1
ST0112,58.06106436270022,4,1.1577710112504098,4.0,3.8195251541192405,51.53210569254427,45.229241820057005,1
ST0113,96.48488261712865,2,1.0428341226469477,3.3744756221991765,2.3316414995522288,85.21421750556863,99.0929342147446,0
ST0114,90.40601897822086,4,-0.8679588080173115,1.8900647338615464,2.758023541878858,52.25575962484718,28.70972847274379,1
ST0115,81.67018782552117,2,0.3728712023498091,1.9080703605570357,1.5351991582072266,48.568264672845345,59.03016538330897,1
ST0116,93.57302950938589,6,-1.2819530532305554,0.23544091502767261,1.517393968258228,96.3773003776108,98.85839942787658,1
ST0117,90.18360384495573,2,1.0101321617503851,3.110448712879185,2.1003165511288,36.25478708666133,81.28172871461216,0
ST0118,59.32850294430179,0,-0.9763623494895104,0.7756556433582027,1.752017992847713,97.75026573812292,99.403075079388,1
ST0119,94.62794992449889,5,-1.2875558958427065,0.8629725239966777,2.150528419839384,44.7020233042724,97.14684831941523,1
ST0120,76.96711209578254,3,-0.29934271338356644,1.6432655229374271,1.9426082363209936,88.26347531656242,54.05855878847389,1
ST0121,90.37200775820313,2,0.23076641579893042,1.802066477895551,1.5713000620966207,52.9349659494267,72.67382648835093,1
ST0122,94.80456499617466,5,1.0647508756793131,4.0,3.7732603660151236,57.795651282997284,19.9398814247036,1
ST0123,65.90017374859319,4,1.4227275765652094,2.943285405037438,1.5205578284722288,49.08925123592903,49.70339425421217,1
ST0124,55.50259622638384,4,-0.18152246229040903,3.1586828985523043,3.3402053608427136,73.05841276127018,82.81166880400276,1
ST0125,61.39675812709709,7,-1.3186592310441894,0.5617104862546021,1.8803697172987914,57.626210588011816,55.480178887942905,1
ST0126,71.35538943131282,2,0.7473467370776121,4.0,3.780574054999,77.73054756715311,73.24291295355087,0
ST0127,90.90073829612466,2,0.19551976867181242,3.927509617646527,3.7319898489747145,36.01707566623429,77.11761969858493,0
ST0128,93.03652916281717,5,-0.15632596546661048,2.978426900456533,3.1347528659231436,39.18436742847757,32.81222271186045,1
ST0129,50.34760652655954,4,-0.572193363623431,2.6083920108780823,3.180585374501513,41.477974927531164,88.81294356483089,1
ST0130,75.53736512887829,3,0.007195583530607008,1.5205434384548284,1.5133478549242214,62.23458954516502,51.38401878182611,1
ST0131,70.87055015743894,2,-0.4839611866289073,3.478217728655098,3.9621789152840052,87.96175122289844,28.916659325938937,1
ST0132,61.105390523536514,4,0.7710356032420806,4.0,3.694581508939536,92.73156417459487,87.88742936095994,0
ST0133,55.99326836668414,4,0.13168108947792323,3.8694466538031533,3.73776556432523,50.91269810395855,47.60369254956283,1
ST0134,66.8807585701814,5,1.1305433224623358,4.0,3.14811134262718,72.3340320755359,77.52811945417477,0
ST0135,97.14548519562595,1,0.13063174394832622,2.4925990655846677,2.3619673216363415,84.94372452501904,59.322976499943366,0
ST0136,66.16014660103777,2,-0.7852127599802099,2.9489088627459923,3.734121622726202,53.773912944774565,44.36845770110504,1
ST0137,75.9395310871683,1,1.0532756466964335,3.2820679670744144,2.228792320377981,61.58550288785776,82.88887735347124,0
ST0138,85.15094794475888,4,0.17165713479013167,3.078435993145639,2.906778858355507,69.0583231745714,62.60229384801517,1
ST0139,68.1814801189647,1,-0.8794768855693162,0.8698505452903897,1.749327430859706,43.7668650165231,45.150589218432856,1
ST0140,98.58910413604804,3,0.3705234298686664,4.0,3.8048890753318756,36.68884909217572,19.863808330161433,1
ST0141,98.12236474710556,1,-0.42684970517271736,1.425076439255316,1.8519261444280333,44.93237760568841,90.59007823900372,1
ST0142,62.58911479126821,2,1.0332168368761971,3.095458851202215,2.062242014326018,75.74548538147967,13.192262680749991,1
ST0143,74.86242529461927,5,-0.14010078406037163,2.7552346112601658,2.8953353953205374,39.78518699968931,87.68686135312505,1
ST0144,65.04391549083849,4,0.67932407432225,4.0,3.410232500532454,47.33026371525834,42.39653723948399,1
ST0145,64.24202471887338,3,-1.2133913770912885,1.8349868877494586,3.048378264840747,56.96050257019474,67.54048871512653,1
ST0146,51.84434736772664,3,-0.31192696109296136,1.768407820907429,2.0803347820003903,40.06155417991381,92.99797514521167,1
ST0147,80.47821669899484,5,1.449724309417196,2.952081915735922,1.5023576063187258,47.460452625506235,23.653595395350855,1
ST0148,75.13395116144308,3,0.9253808684314451,4.0,3.392876450768598,94.23253628392823,61.02554280749292,0
ST0149,52.57393756249947,2,-1.020177592899214,2.9428407218785204,3.9630183147777345,36.25444359475401,78.79895761331728,1
ST0150,63.93232321183057,1,-0.6667078515682348,2.8580749491969915,3.524782800765226,77.47307507133354,78.18254494471516,0
ST0151,95.41329429833269,2,-0.5105525734309168,2.1399639719606216,2.6505165453915382,59.98658050948702,57.30687231395536,1
ST0152,61.978094533348624,1,0.4510966814863371,4.0,3.7594181534977666,78.72216806310412,66.22655139158122,0
ST0153,57.24474360456115,2,0.7709842784689664,3.2956034612648413,2.524619182795875,73.26496182362129,78.177429471956,0
ST0154,74.47263801387815,1,0.7485798264237293,3.560915037032398,2.8123352106086688,49.52741903305188,85.69248739816706,0
ST0155,99.28252270553003,3,0.029622168919208436,2.7224465874084167,2.692824418489208,90.06861669227025,78.56317871882774,0
ST0156,62.10276357557502,3,0.9324616135144534,3.551521295178266,2.6190596816638125,66.97612486960819,41.86044488631184,0
ST0157,83.60677737029393,6,-0.18876575172757493,3.249211171507189,3.437976923234764,88.46484122937566,99.70537609519599,0
ST0158,88.08098076643589,5,-1.1283583041133143,1.688563964060416,2.8169222681737303,61.39081485223424,49.10524243473739,1
ST0159,61.881877199619986,6,0.19332552496143984,2.48511833002448,2.2917928050630403,99.00456100449054,12.201823248304008,1
ST0160,86.41081743059297,1,1.35690415380332,3.5022995729495157,2.1453954191461957,85.08180830258425,42.63552564269158,0
ST0161,68.38915663596266,2,0.8789809541775337,2.473349246596117,1.5943682924185834,97.78676333231728,21.500465911645893,1
ST0162,81.61529152967897,4,0.23610194307672705,3.194089847784342,2.9579879047076147,68.43122112914082,20.92983541555375,1
ST0163,81.67648553804473,2,0.4404169810472909,2.5153205195498765,2.0749035385025856,65.78992359889553,35.33815360962049,1
ST0164,76.78873420373793,1,1.2916860811067181,3.1620208861476757,1.8703348050409576,84.10449760614176,14.803794475953476,0
ST0165,54.51448850272041,4,-0.21497161669511855,2.9196032928740756,3.134574909569194,92.21893209587296,71.96609695686067,1
ST0166,91.7651247794619,4,-0.5058175831720879,2.697205561381784,3.203023144553872,97.66947673126127,16.658999578171457,0
ST0167,66.0390032485868,1,1.4317246950013471,4.0,3.380387230644165,56.09587389211248,28.296059989236056,0
ST0168,59.32592551999271,4,1.090329400531,3.849271641377479,2.758942240846479,86.91579729977153,18.360974304470744,1
ST0169,52.0387570777382,3,-0.5308692461441928,3.204267266865523,3.7351365130097163,48.69196384630989,15.685095781272796,1
ST0170,79.5446471594121,1,-0.10865820791723158,3.732198675578338,3.8408568834955696,70.46233253845395,34.09764989855875,0
ST0171,83.87821809211411,2,-0.2547656129766027,3.2636617365046208,3.5184273494812235,46.690129646597946,61.4709070894333,1
ST0172,50.829391446392805,1,-1.0527129639856982,2.0362707410347696,3.088983705020468,57.580828513772026,96.82170008021575,1
ST0173,75.60465291496405,2,1.3734579714397772,3.6327603554177488,2.2593023839779716,95.53829386841986,88.80009889146457,0
ST0174,61.3247887598969,2,-0.2870627063407236,3.670299597709829,3.957362304050553,44.4958954852506,88.83405329007923,1
ST0175,82.25863952047249,3,1.125987247913724,3.31132766589357,2.185340417979846,76.10605818378778,25.846033243389186,0
ST0176,58.718321450249576,4,-0.9319313169580048,1.0747109880180727,2.0066423049760775,73.54202774028121,33.84164741480381,1
ST0177,84.5468869051233,4,0.1436124319116594,2.748997716378116,2.6053852844664567,42.84799292608412,16.875398511577515,1
ST0178,69.33676731502686,0,-1.4281158446271904,0.21398558215378083,1.6421014267809713,56.18863784497279,80.06215059236665,1
ST0179,96.83649943683673,3,0.7926614515269259,4.0,3.9462361616794768,71.59379779349227,16.283467133700576,0
ST0180,56.87604720729966,0,0.242741694738835,3.213825585779897,2.971083891041062,47.166609584251866,60.10261037387679,0
ST0181,67.05331755251292,3,0.37676875040925806,3.2691489795696964,2.8923802291604384,87.040537666833,32.30880150915557,1
ST0182,55.67367606202946,1,-1.3448373523360395,1.7946533474132602,3.1394906997492997,98.19017311975874,31.910107062587027,1
ST0183,96.23468091392814,4,-0.8668850093741538,1.8756741100688625,2.7425591194430163,48.95936099756069,99.16525497228446,1
ST0184,93.86696766904905,5,-1.2770073829392596,0.3031514097970942,1.5801587927363538,47.149277711387434,78.11018262806837,1
ST0185,62.89708138575778,1,-0.6332570525885647,2.3975211695124274,3.030778222100992,64.5707796668339,85.32454224619451,1
ST0186,82.99920230170895,3,0.382317023046453,3.6727517154375295,3.2904346923910763,83.6047430141021,61.47844168096114,0
ST0187,90.8611100100608,3,0.19855795295212575,2.7404306045122584,2.5418726515601326,53.30403966529134,88.39128586543742,0
ST0188,77.76004057997312,3,0.3364494648401708,3.729688395018153,3.3932389301779824,36.29219406532323,68.09414852497176,1
ST0189,76.48252891780032,2,0.14775381413368294,2.2152570624797345,2.0675032483460516,70.1793408221381,95.15563343167108,1
ST0190,62.092614545022585,3,-0.6809136129724219,1.372277864693038,2.05319147766546,97.179036904875,35.320472744107306,1
ST0191,54.65513839029496,3,-0.7664775079667243,1.1370649612522106,1.9035424692189349,60.432995601451466,63.57875912046055,1
ST0192,94.86078789766634,4,-1.0888209493902563,1.3411659500826483,2.4299868994729046,62.30874602190153,72.11182131432028,1
ST0193,95.02090285816652,3,1.0472126247104763,4.0,3.6175300884727086,97.97861161241246,45.3643574525026,0
ST0194,81.65507286366339,1,0.3494380756237334,3.9192182309963943,3.5697801553726607,80.14949475573735,89.17371841636479,0
ST0195,66.95148955243504,2,-0.9404669624878207,1.5165935574209386,2.4570605199087594,81.74617498473813,98.1822846793739,1
ST0196,67.46047873063304,4,-0.9683718605362814,2.00442497941431,2.9727968399505915,71.5756303491194,54.43925422353954,1
ST0197,86.29778394351197,1,1.11910680457841,4.0,3.302040791187289,98.3495987061107,45.15765893239052,0
ST0198,94.85551299762886,4,0.7281925912899578,2.831209527860015,2.1030169365700573,79.77632148766114,52.47441357008128,0
ST0199,94.35432121325587,2,0.4781972397161143,2.398549954452982,1.9203527147368677,93.17712885433602,86.74630711587385,0
ST0200,88.99377729288119,1,-0.2794076773821006,3.650832305648677,3.9302399830307775,80.45962627265938,68.09215829663509,0
ST0201,82.10158230771438,5,-0.7140733071644474,2.329819975859599,3.043893283024046,82.78252861462573,14.029513526628556,1
ST0202,54.206998249752445,6,1.4383522893384715,4.0,3.95353930458416,53.87670993924603,58.79529194011433,1
ST0203,58.08143570473069,1,0.8917187250684004,3.236108692898973,2.3443899678305726,54.726115370898235,11.557011046687283,1
ST0204,94.92770942635397,7,-0.5946623305911706,2.662916919344158,3.2575792499353287,85.8940022224419,80.06818339030649,1
ST0205,80.3214529829795,4,1.0426943888354838,3.099203480188578,2.056509091353094,54.28590879604347,39.54810461882174,1
ST0206,50.45985258083148,3,0.7767958458440445,2.929796274028827,2.1530004281847823,71.58005460209955,52.480673390559645,1
ST0207,55.073577143301605,3,-0.6087583503660049,2.170996952808055,2.77975530317406,51.20790020893563,81.88102953168688,1
ST0208,83.1750884554028,0,-0.22034143727508093,2.0787038764950974,2.2990453137701783,88.10391975258952,14.18039355571854,0
ST0209,50.253079192310935,3,-0.94213966382692,0.9769142457745411,1.9190539096014612,42.18258782979985,24.26873820324494,1
ST0210,58.04040257087493,3,-1.166842666865672,0.9903590881076432,2.157201754973315,88.9140315845082,45.81643388006034,1
ST0211,77.4366894683293,1,0.6682860985190904,2.257657084683752,1.5893709861646617,74.17743703299412,30.69326471910045,1
ST0212,84.59475988463467,0,-0.6974644279384001,2.563594625755316,3.2610590536937165,47.14911976376003,40.411128319755676,1
ST0213,82.59806297513003,2,0.960178097238761,3.690469739953415,2.730291642714654,70.23230005789767,99.83572641032185,0
ST0214,61.21346547302799,4,1.4868261345432785,3.2224338005545925,1.735607666011314,53.36242439507713,84.28729938164297,1
ST0215,85.6089610673768,6,-1.2701405582110539,0.6590944246101742,1.929234982821228,56.02537675748228,89.55116334640977,1
ST0216,61.862454374840006,3,-0.08089462474889908,1.675441720532711,1.75633634528161,57.84932270379722,94.33491702091978,1
ST0217,66.26998490796339,3,0.906187677932409,3.9376696986221003,3.0314820206896913,39.11575105320086,40.68422922827761,1
ST0218,87.32457025590121,2,0.8668526896237005,2.6023785986549353,1.7355259090312345,99.08750948609213,36.73692620168254,0
ST0219,82.48164495236074,1,0.7799914749929053,4.0,3.38570583258804,37.04975082852957,31.06562433148674,0
ST0220,92.4611705247089,0,-0.45301519409426705,1.0982621042067109,1.551277298300978,78.0622967569781,84.71052201773104,0
ST0221,82.88064461501716,2,-0.1384402329448431,1.984999237044887,2.12343946998973,59.129797104232985,71.15966760566664,1
ST0222,78.41543016677358,6,0.2849050720244106,4.0,3.726666689729768,76.99066891153544,31.255478423458957,1
ST0223,54.683738391404624,6,1.4218217507197717,4.0,3.296328295305615,58.15613645069295,43.92944462894094,1
ST0224,68.38579015297168,3,-0.5173581871845213,1.165062645129698,1.6824208323142193,78.79379200682581,55.60405875395185,1
ST0225,63.26011838408627,3,1.269431663150573,4.0,3.5528152612129493,82.40030811544345,57.53260515463783,0
ST0226,62.19948216895418,2,-0.6919292454585176,2.0406585583919945,2.732587803850512,79.88592162597692,89.98549556965432,1
ST0227,98.65052773762227,5,1.4672233964211139,4.0,3.616957567922073,42.4075287882799,44.25095196524947,0
ST0228,69.65488623333802,3,0.5107910604827754,3.5126404966087588,3.0018494361259833,77.6980602525545,91.76716274504611,0
ST0229,94.60232775885567,2,-0.10946555892434717,3.0951170211578,3.204582580082147,53.19919071451633,49.72308042878107,0
ST0230,81.55693129986315,2,0.34017128419081466,4.0,3.9837539009892704,36.87208908700668,77.17354073131185,0
ST0231,89.74056517708243,2,-0.6824064928793796,1.3984323719306657,2.0808388648100453,61.96399367278201,93.72288879865505,1
ST0232,75.1318546552596,3,-0.6774784274656002,2.3823855094378708,3.059863936903471,63.18030168224706,91.68181335669398,1
ST0233,78.84519423131795,1,-1.1593363684695186,1.4914671066739773,2.650803475143496,65.36631866790903,15.125758056611305,1
ST0234,74.6258846909432,6,-1.1578491068838037,0.44078077542292493,1.5986298823067286,80.81357075039656,28.513386547891287,1
ST0235,59.76214938990223,4,-0.4569847755932659,1.0791918281638968,1.5361766037571627,55.07484759425984,52.92148829790476,1
ST0236,86.12260576307526,6,0.7885664336891152,2.586637878233762,1.7980714445446466,55.49323335175497,48.839886095779654,1
ST0237,64.03861812204279,2,0.3239135027944875,3.446642854140858,3.1227293513463703,38.93589665568194,67.68024983534863,1
ST0238,51.21579832157269,5,-1.1922463190069377,1.7256614007765427,2.9179077197834804,79.64337903949924,95.0238145742871,1
ST0239,82.27361479535838,2,1.0567095749277327,3.9402834778370512,2.8835739029093186,71.90869594097296,20.116424015015394,0
ST0240,58.85553397035245,3,0.30410288097019933,1.8837447872908495,1.5796419063206502,57.71263232509622,50.66727986208164,1
ST0241,97.02292921764572,6,1.3825667303543394,4.0,2.6732574909000175,80.83728362962805,27.31699340984254,0
ST0242,97.69642885012937,6,0.5105564022336226,4.0,3.8115570446063214,69.92825369974702,90.46968385581528,0
ST0243,95.74321951102243,5,-0.974475408887457,1.5195042643891596,2.4939796732766166,65.50092148158508,96.81221672214876,1
ST0244,68.50793501277222,4,-0.07864991307653324,2.983656261394608,3.062306174471141,68.23609533797321,53.08315137013151,1
ST0245,50.77283082644337,3,0.44549279264161257,3.8950394816994716,3.449546689057859,76.36262814235867,19.360926795532666,1
ST0246,96.41592812938626,1,-1.415205896850067,2.044607301004652,3.459813197854719,77.90016929734897,80.67652000504059,0
ST0247,71.40920741586572,4,-1.4552692075355762,1.3429309984526019,2.798200205988178,53.78225824414662,72.74272154431591,1
ST0248,98.33274095218349,3,-1.1117909982042962,2.5330888653015444,3.6448798635058406,44.14831862042496,41.92037439492794,1
ST0249,98.18099885446264,4,-0.7450066948635877,1.7334385385457796,2.478445233409367,45.18122177738372,89.8666726572067,1
ST0250,92.650472773368,2,-0.2113526294379735,3.510380407524022,3.7217330369619956,76.56040758369511,97.82487008044365,0
ST0251,64.72244460347929,2,-0.03767857872063485,2.0628893372682287,2.1005679159888633,91.73676357486319,60.206846421717586,1
ST0252,69.25488643009626,4,-1.0859171731863095,1.1146238442901182,2.2005410174764277,61.617258092460865,60.91551202098631,1
ST0253,92.55683357584284,4,0.5201747373474923,2.152976297844995,1.6328015604975028,46.018810421415054,36.77621546024,1
ST0254,65.84610025781389,1,0.2884141850896045,3.7773687764453117,3.488954591355707,84.17916238910055,62.60554323849828,0
ST0255,58.474637334304624,2,-0.6166077034765194,1.9260303871052447,2.542638090581764,89.11181583726415,49.567808847236186,1
ST0256,77.84006312291751,4,-1.459020349694124,0.6137711850843734,2.0727915347784975,92.23785880286283,37.19719242352467,1
ST0257,96.80773870803904,2,-1.2670562539401278,0.8124194401013214,2.079475694041449,74.44404287939267,16.046667687151118,1
ST0258,84.80148983374865,3,-0.3249156734674816,3.4285841796056014,3.753499853073083,90.94735636022551,32.74370737382124,1
ST0259,78.50305850446824,5,-1.0380769465029482,2.546714554649644,3.5847915011525924,36.0019722991465,27.806918470989796,1
ST0260,54.85882468853843,2,-0.3695411815560874,2.514286031836871,2.8838272133929586,41.97032711501903,58.7837786098554,1
ST0261,80.75036133495848,2,0.3845478135310654,3.4248248145703677,3.0402770010393025,41.01744435838642,64.15030195872345,1
ST0262,99.50269250521316,2,0.1417122836378506,2.8275262100135783,2.6858139263757277,81.31930447655765,64.77145518754148,0
ST0263,57.0042007618262,2,-0.8064723505878173,1.672694006609205,2.4791663571970224,39.522815930332634,44.93629009411112,1
ST0264,75.91648261818683,4,-0.46853252622374275,3.320159676822086,3.7886922030458288,67.26368421030996,47.91067603169464,1
ST0265,93.86865359639776,2,0.34209359534595185,2.156125354146707,1.814031758800755,65.72594841135879,85.0814586676576,0
ST0266,87.03843088771022,2,1.082565084130346,3.6286820584209156,2.5461169742905696,55.195729031285666,52.860953216544615,0
ST0267,84.8507870497634,3,0.7596403162166316,3.12104508618632,2.3614047699696883,91.57633604623649,98.89959989234102,0
ST0268,85.12420419935546,2,0.1602000805002448,2.9055768811281157,2.745376800627871,46.07815812219974,49.565550700797836,1
ST0269,67.97455756098776,2,-0.4131210050505414,2.230958681312396,2.6440796863629377,57.910080985950586,68.46228501560552,1
ST0270,64.67959221322467,2,-0.40484616737458357,2.39237766175312,2.7972238291277036,85.3211475014904,14.532669909405623,1
ST0271,90.46805777392568,5,1.1382519307931882,2.9880493738606733,1.8497974430674853,36.977450435563476,68.80059319769298,1
ST0272,90.50566973395904,4,-1.3822692718783607,1.4005844819048319,2.7828537537831926,78.74177601601397,86.62837549735055,1
ST0273,93.35361592900519,4,1.463947933260783,3.56999496797881,2.106047034718027,88.0658522135021,94.82120546799666,0
ST0274,95.66202762782356,4,0.4931262325546868,2.453954605025165,1.9608283724704783,95.59740952448087,99.75885504757935,0
ST0275,75.56711994304689,4,0.5434130972171713,2.2054986441826494,1.662085546965478,91.95928163194651,35.396078108430984,1
ST0276,75.07581473435998,4,-1.3860064880857736,2.020624908804579,3.4066313968903525,55.75996759418953,61.78330583431452,1
ST0277,89.91475894833876,0,0.3165878246738165,2.8851926268152166,2.5686048021414,73.11366918599191,50.564618697893266,0
ST0278,82.49819653888827,1,-0.04566581972865902,3.0209433885507373,3.066609208279396,40.02407705478028,60.74357325176539,1
ST0279,85.09834386288517,4,-1.182663279317799,2.1363200789440597,3.3189833582618586,51.76155023062056,24.170766147086198,1
ST0280,89.78963347180505,1,-0.6662339676919228,2.5320576955919614,3.198291663283884,41.12445461858798,87.05346153363473,0
ST0281,94.50026709087831,4,1.1709433686409536,3.847195166365159,2.6762517977242055,55.48717386000765,91.86120490101288,0
ST0282,66.89975784257679,1,0.1499652475978588,2.6197115699771834,2.469746322379325,91.88716887481738,50.46954968016303,1
ST0283,68.7791476319972,2,-0.2597502744782738,2.1801494996233854,2.4398997741016593,57.56584457882902,35.238687541621914,1
ST0284,54.69909699204345,2,-1.281953532477567,1.8181684598475738,3.100121992325141,71.52337669509271,22.67500848877111,1
ST0285,78.9140070498087,1,0.6423645822069171,3.379350469561601,2.7369858873546837,63.16975512747115,71.53883423000241,0
ST0286,51.797113689837104,4,0.6085524701880978,4.0,3.6228306199712765,64.8295740794178,38.10086556586617,1
ST0287,73.27990090662301,7,0.34213082091769076,4.0,3.6867549608167804,98.02218336937628,91.85847129220498,1
ST0288,77.13223173537884,3,0.030787938661947623,1.9571888836782438,1.9264009450162962,54.250040437150766,70.39112273603831,1
ST0289,64.32706260641422,4,-0.19864679337788194,1.6419373354864322,1.840584128864314,75.77609051900615,68.11167926568166,1
ST0290,79.54166302845053,5,0.2798132789639769,3.3558155940539756,3.076002315089999,62.304073522664055,60.34619043084167,1
ST0291,51.52501249695247,3,-0.7998136448147799,1.4532507253409184,2.2530643701556983,38.9745017680996,14.119870548585304,1
ST0292,51.86740943746072,2,1.3237771925329431,2.8702039894456903,1.5464267969127472,66.80650405557535,93.87301921170283,0
ST0293,91.13002803298292,3,0.2663835875406888,3.9879902609480764,3.7216066734073876,87.86731638793205,66.51437439695141,0
ST0294,68.00953207056314,2,-0.5664226669368704,1.5008292511726502,2.0672519181095206,41.41894296430974,99.46557850447994,1
ST0295,56.35302563259424,2,-0.15096044734452807,3.6722411818699947,3.823201629214523,39.523470080760084,58.362076429559835,1
ST0296,76.11216300274022,4,0.9170543666306772,4.0,3.293586127195634,44.986048825562335,73.90998027155918,0
ST0297,88.49967765493054,1,-1.0151518178091077,2.391481906969603,3.4066337247787106,84.68600724030489,15.058860207959995,1
ST0298,60.791051374842155,5,-0.6214931326192188,1.3821606068636823,2.003653739482901,82.05969996940797,66.85625591410698,1
ST0299,81.14452379095002,2,0.5385240682096661,2.6240101322516987,2.0854860640420325,71.72615497889718,78.81846504313215,0
ST0300,54.2673732496884,3,-0.5535323805533283,2.2496370040068365,2.8031693845601646,65.4347162660211,80.06628653673016,1
ST0301,52.58408605843039,6,0.8775050455843978,2.8077546772090534,1.9302496316246553,92.74117795567044,79.31004870072569,1
ST0302,76.5677315784074,3,-1.1086395384679175,1.1549396932396632,2.2635792317075807,84.83535854917636,30.36543645643009,1
ST0303,77.03175608050532,3,0.7880585113638254,3.0917147062333363,2.303656194869511,87.77624633461734,97.78586298447033,0
ST0304,81.87149507491033,7,-1.2949448554483012,0.6041299776836091,1.8990748331319103,87.86204958779253,99.56639085624448,1
ST0305,86.30456668613309,3,-1.4622221619975155,0.5507349214903865,2.012957083487902,76.77661505846127,16.803628764544115,1
ST0306,98.79260397312673,1,1.1946705564964866,4.0,3.4713796050206414,64.77095058053648,94.28017805305815,0
ST0307,75.81501741505977,0,0.24401765079689586,2.162007287165067,1.917989636368171,91.20405391806727,36.050427487393236,1
ST0308,66.1478236470623,3,-0.4445193087395656,1.1266241708702407,1.5711434796098063,95.1904821442113,72.03556735758683,1
ST0309,89.75930973843518,1,-0.8022160891084488,2.2711712674638975,3.073387356572346,36.54739281179229,40.42998286625189,1
ST0310,63.54161256310371,2,0.35065734978244834,4.0,3.939957798481125,38.35106676230633,97.09788910358094,1
ST0311,71.9485710352818,1,0.02700655061021462,2.3550410871680176,2.3280345365578032,97.31831429904842,19.135347247318194,1
ST0312,53.922819067113295,3,1.4747933265899555,3.2714325845805865,1.7966392579906307,53.01543989987266,54.79721352607384,1
ST0313,51.267537170772876,1,1.4496479599612373,4.0,2.925968313418827,91.7690135772122,48.524301274786716,0
ST0314,98.13242073389625,2,0.4050736984248289,4.0,3.7658855277391154,60.27168273249117,39.34211070501864,0
ST0315,91.79900602561028,4,-0.17138848168232856,3.2887659678888683,3.460154449571197,42.74150374460812,68.09805917921338,1
ST0316,84.7987103046849,3,-0.026577092596013596,3.029712578435776,3.0562896710317897,40.228808013606724,21.79501690795007,1
ST0317,70.44764722071349,4,0.5474371987105857,2.835078440229584,2.2876412415189984,45.17301344022967,74.49961763203272,1
ST0318,58.66471600354229,2,-1.195276367293856,1.659424065896694,2.85470043319055,51.243057666378704,98.25329114243085,1
ST0319,57.8218521335543,2,-0.5149437785678455,1.213168324692793,1.7281121032606384,66.7536930055037,82.4102843021767,1
ST0320,62.512144908229764,3,-1.2741832769891883,1.9231802837124863,3.1973635607016746,80.59736353677593,87.40150776185908,1
ST0321,77.46133323530603,1,-1.2799177214492414,2.0328223257948856,3.312740047244127,99.1159074715445,42.36730688611023,1
ST0322,85.72979613500311,2,-0.9124822743172988,3.000096782957498,3.912579057274797,63.697938313796115,39.23979458330968,1
ST0323,83.00986883588656,4,-0.04424023622031936,2.10675316064236,2.1509933968626793,68.68202125230215,56.53435192211199,1
ST0324,63.99669484729714,6,0.854322963488368,2.4004640110959246,1.5461410476075566,68.9180205899116,14.115395328604542,1
ST0325,97.7432640331597,4,-0.04351232650238224,2.8205088345654943,2.8640211610678765,70.06323310671584,95.08223210108794,0
ST0326,86.89484583478843,1,-0.49357016831739076,2.7734060926746453,3.266976260992036,68.65314271179005,22.9406655714573,1
ST0327,77.71770262557004,4,-1.2529410289897256,2.2230776607177445,3.47601868970747,35.57035907902466,91.27117352512832,1
ST0328,80.5860373117176,4,0.15088656954938884,2.1352339021114153,1.9843473325620264,35.11211343713965,17.522399980032013,1
ST0329,70.9800031213895,1,-0.6861942405504697,1.4681879320420892,2.154382172592559,41.34831067819799,84.03624349107041,1
ST0330,62.386549475057876,5,0.3448025337514422,3.126279846919683,2.781477313168241,41.601179222896626,23.676627329039363,1
ST0331,67.79863393256308,2,1.431563217397255,3.75806524232226,2.326502024925005,80.81829908206174,13.431845268232543,0
ST0332,87.89230552321845,1,-1.1660570355673494,2.485221680901263,3.6512787164686125,48.31954211353998,74.75405052334678,1
ST0333,50.719674431487796,4,-0.8636238038341802,1.8207765805126206,2.6844003843468007,93.15641680911483,35.22387701569855,1
ST0334,55.80363202534581,3,-0.08071638570187578,3.418230224553132,3.4989466102550075,95.35941142250627,74.30465375059146,1
ST0335,52.30013210108764,3,1.4058414460377886,4.0,2.9515494012058845,98.43306696323341,59.95767254255378,0
ST0336,52.03644011594851,6,0.8154293288099868,4.0,3.43272535404278,96.0402848176563,19.7926651207059,1
ST0337,92.77302920055035,4,1.1946875794884901,3.5263700458143,2.3316824663258098,52.6727409247041,93.89170659710473,0
ST0338,85.18289296900119,9,-0.49885545457262115,3.0796861002531566,3.5785415548257777,68.13549490572831,50.708275728712984,1
ST0339,73.70869145436626,3,1.4761154213357837,3.6625462102133377,2.186430788877554,46.40457306280116,76.10025500188192,0
ST0340,54.89170803255007,2,-1.1915015518075278,1.6737454682006994,2.865247020008227,87.40362758620816,55.09185148140626,1
ST0341,74.58079375584163,3,-1.3410812818616975,0.6939365010729883,2.035017782934686,92.74806083436624,64.39253274650844,1
ST0342,73.67358853902829,2,1.0668078811620845,3.7556241852275676,2.688816304065483,90.33377455433848,37.249623312102315,0
ST0343,58.66009349550076,5,1.2817946106209588,3.5772326343927165,2.2954380237717578,63.16885166529427,28.032427360310525,1
ST0344,71.69258246189865,4,-1.2282439273616947,0.938514649231341,2.1667585765930357,84.31380250464076,58.831318306726104,1
ST0345,69.92523671986868,3,-1.1597177197624755,2.757744825307618,3.9174625450700935,41.342646022457515,49.61970756739018,1
ST0346,80.79250490261083,5,-1.4004775267326786,0.49970773698414805,1.9001852637168266,37.6159100902513,45.110189209053985,1
ST0347,81.75468254338219,3,-1.1864773120718277,2.2818372815716605,3.468314593643488,83.96036693006945,70.53104755851606,1
ST0348,52.265200488602225,1,-0.8717405495991574,3.08867184910888,3.960412398708037,62.64809283136444,72.14559688100223,1
ST0349,68.73063073132356,3,1.4102298567300027,2.959983566080197,1.5497537093501945,99.710702208072,14.132805048213672,0
ST0350,81.29299578571182,7,0.5035806667190412,3.751149201824279,3.2475685351052377,41.32152403060961,40.4870044819305,1
ST0351,75.15681292900439,3,0.8356590765556264,2.9679385904463444,2.132279513890718,90.61579929979018,47.05880952037396,0
ST0352,92.82449205941612,2,0.8284182110745664,2.4296377718953277,1.6012195608207611,66.19889925938446,18.72029450477513,0
ST0353,82.93468158094726,5,0.10522124933764387,2.6124451967292206,2.507223947391577,88.764762707752,31.23107800284595,1
ST0354,58.14672135407149,2,0.8924669331390516,4.0,3.8380445254271875,88.11327334105943,14.647761750048097,0
ST0355,53.52843737002149,4,0.2874225971699089,1.8168353330874032,1.5294127359174943,94.53948008853503,99.66178887553185,1
ST0356,82.12096391031578,1,-0.5563617071899272,2.4133525226345274,2.9697142298244543,54.36025073359668,76.290148267286,1
ST0357,51.32556552708109,3,0.18333032630520218,2.936821522793513,2.753491196488311,96.73695797503021,17.87051408524783,1
ST0358,79.28877906367316,8,0.10052575840354039,3.7839861693311594,3.6834604109276188,44.85835242324532,11.82244418110829,1
ST0359,97.01151207124788,3,0.9703591612779618,2.680363447579526,1.710004286301564,40.32797054357688,74.73590201370521,0
ST0360,78.77370889379395,5,1.445181652144977,4.0,3.203815074716626,63.055008629202696,49.52729491144002,1
ST0361,69.4084963103261,6,-0.2668723037372085,2.9334019423459847,3.200274246083193,88.84099296171976,80.81170381581184,1
ST0362,82.16441092211767,5,0.7901720353240789,3.962872077479787,3.172700042155708,65.77237349117397,93.11284340365454,0
ST0363,72.91264452457582,4,-1.2007109878855995,2.655125249451993,3.8558362373375923,88.90363403948342,63.937035011473526,1
ST0364,77.28083946579675,3,0.8304941083448658,4.0,3.557718822517201,82.42964237662984,26.839758062552775,0
ST0365,97.07324043882626,4,-0.3857492640203035,1.2191825515884616,1.604931815608765,48.61284509903068,80.39746324418073,1
ST0366,69.30513189003871,0,-1.38182951133094,1.295877615430343,2.677707126761283,96.67730561846514,96.0230568856937,1
ST0367,98.05952819119571,8,-0.4102614643134683,2.084621176189865,2.4948826405033335,38.95077596091122,62.22081583539604,1
ST0368,95.26753209780318,2,0.3319282527649343,2.6072963054919396,2.2753680527270053,93.38818099034667,71.37977025526601,0
ST0369,59.78955673946482,4,-1.1422494969556003,1.486092315929643,2.6283418128852434,54.788824184374306,40.37272255330058,1
ST0370,53.46806504375827,0,1.2721034772907638,3.7325889396057077,2.460485462314944,67.50962540568595,44.33749251942801,0
ST0371,55.038900068871335,1,-1.2669827601814843,1.313851989515179,2.5808347496966633,62.45287172554774,76.11890480677575,1
ST0372,50.91109128257749,7,1.2900201594994987,4.0,3.9481546640216063,46.169246199599556,93.49939885661372,1
ST0373,54.72214803779642,4,0.6214125538070592,2.342994990681011,1.7215824368739518,58.27954631611006,66.60895485019171,1
ST0374,84.15033867081785,5,-0.5108634737573892,3.294713700839435,3.8055771745968245,47.54073835903169,81.08631176368127,1
ST0375,53.55943242301145,1,-0.3277489568727203,2.3728428268048463,2.7005917836775666,48.25262090493405,25.44715156738357,1
ST0376,65.94878151468806,5,0.7224280941982326,3.7817837079470853,3.0593556137488527,47.15869434171472,29.076318123217618,1
ST0377,92.24376554847274,1,0.304413302643622,3.8798707191878568,3.5754574165442348,66.78612972252863,57.883121815005104,0
ST0378,51.163596786791295,2,0.5149287643648357,2.9160863372379744,2.4011575728731387,86.8655388882355,25.88987730185565,1
ST0379,90.72342412944678,1,-0.3325061504595599,2.2435486197603574,2.5760547702199172,71.98305219448066,67.14955631988312,1
ST0380,64.09273873867,4,-0.03655955457720306,2.487236646119582,2.523796200696785,93.05842825580473,36.24878668552291,1
ST0381,55.90824138108281,3,1.46960245211368,3.9064300084530794,2.4368275563393995,76.37539175748708,81.23793568002027,1
ST0382,84.83685826820754,1,-0.8582313885008469,2.9555919156163903,3.8138233041172374,79.80710751611929,82.72993119529092,0
ST0383,81.4471423389942,3,-0.24643144043360588,3.3258932875489244,3.5723247279825303,78.3944699322552,51.740871017981775,0
ST0384,93.87360067635265,2,-0.6245304372780981,1.1479695373793422,1.7724999746574404,64.21484755694317,26.272957153387175,1
ST0385,86.75355219019428,2,0.7953345313195497,2.5656429125122897,1.77030838119274,79.80702344300539,68.20974649737393,0
ST0386,90.17404651924244,1,0.7920378769971621,3.3617116641296403,2.569673787132478,39.53100352048248,99.35083164372277,0
ST0387,64.10172862856533,3,-0.6226636170078124,1.1239798248242103,1.7466434418320227,90.8903456745181,66.03318081482709,1
ST0388,58.87197718898614,2,-1.2558290501010512,1.791903688076748,3.047732738177799,85.55778932385462,13.219722164260705,1
ST0389,87.53073758204292,3,-1.465701969983388,0.39352704817094675,1.8592290181543347,50.93994728505912,11.556457819037432,1
ST0390,90.3417369633632,3,-0.21764840027254362,2.588284759644459,2.8059331599170028,84.92210952651536,38.83257734430756,1
ST0391,99.52525710003366,5,-0.26898721699268746,1.249062650516607,1.5180498675092944,35.8217690910012,27.62054261743644,1
ST0392,70.63088384557133,6,1.465169635919589,3.756660506951206,2.291490871031617,49.12102721125723,83.17460864289774,1
ST0393,68.60090428963916,3,-0.09059377290696125,3.1023830362746776,3.192976809181639,39.23392051360824,86.03251003324004,1
ST0394,88.82064803709984,5,-0.7307448912737381,1.979352459295883,2.710097350569621,85.71474958016316,33.27568941794286,1
ST0395,67.0401770126509,2,1.1736883230944022,4.0,3.9456737149974703,84.13181982659518,39.308029925490345,0
ST0396,96.53786628017824,2,-0.026796151039264693,3.6584633391262624,3.685259490165527,87.886341547119,31.26222709436032,0
ST0397,92.9206375921506,4,0.29752690563173356,2.6952038532396116,2.397676947607878,35.291310066159376,91.75442926341375,1
ST0398,71.44970136875092,3,-1.2129938687153619,0.4007224849653246,1.6137163536806864,67.58012723409652,55.2384401160054,1
ST0399,87.54355338957487,2,-0.35125077801067794,3.262814972276869,3.614065750287547,80.81435283862687,69.0523339673818,0
ST0400,87.72714370423412,1,1.3326710234213603,4.0,3.7780857757866784,45.101073368036005,47.3933878029643,0
ST0401,55.15619344179663,5,0.26851615252627625,3.820084636073868,3.551568483547592,77.2363972883206,66.7912774154078,1
ST0402,95.12764533397834,3,-0.46649443457261497,1.3533804177267972,1.8198748522994121,40.46715645512957,44.72698390495625,1
ST0403,75.26261862239286,4,0.3770015418947792,4.0,3.9947878360307194,46.78618064678036,40.57105939563029,1
ST0404,91.32287330538708,1,1.2312332687343481,3.3776938226162825,2.1464605538819344,65.92679297464906,67.10320658561322,0
ST0405,66.00248005153058,3,-0.6780281985822298,2.632484083438695,3.310512282020925,77.48173492427163,63.19558702440903,1
ST0406,94.77616142481003,4,0.015350155412023225,3.785437346251327,3.7700871908393037,44.48149325200325,36.41751587511547,1
ST0407,69.46008393670816,2,1.3760719617352661,3.4652897475620397,2.0892177858267735,47.03951650401096,23.441360528752607,1
ST0408,50.54188257401492,2,-0.982811570104642,2.787834816588023,3.770646386692665,48.289013859268096,43.17190244543239,1
ST0409,95.26909882096318,2,0.6589917767901348,2.932695724777302,2.2737039479871672,50.5155523054336,47.36778752277183,0
ST0410,54.56433383930668,4,0.34344302460894705,4.0,3.9410330559601405,49.72600015420893,66.58159000821443,1
ST0411,65.96568187952074,5,0.5390253934219045,2.742175444373091,2.2031500509511863,60.68469205234639,92.30758872731774,1
ST0412,97.50309835254025,2,-0.446341107997291,3.437248453897297,3.883589561894588,77.496327304387,13.256631777963262,0
ST0413,97.5303573468778,2,-0.5583618795487052,1.075499747682982,1.6338616272316873,63.47206590374053,31.929491128766042,1
ST0414,78.67189440616431,4,0.5526290117651111,3.8258090409396437,3.2731800291745325,85.43830406874272,27.434434805160432,1
ST0415,81.59186060848997,0,-0.853370144686364,1.9769076899061455,2.8302778345925095,81.75245288665997,55.206496782440524,1
ST0416,72.42227609891599,3,-0.24103576542298466,2.4536569273838422,2.694692692806827,43.22424941318992,48.67307263388439,1
ST0417,64.66053858490322,0,-0.935476061841246,1.1232597237983541,2.0587357856396,38.17470551584836,75.61338614381695,1
ST0418,66.4332272684958,2,-1.4750854766300108,1.7889039978112191,3.26398947444123,92.0662016599744,31.817432129037744,1
ST0419,83.62592280385192,2,1.4101720801142084,3.387195808729976,1.9770237286157677,40.189019326586774,63.50485291747827,0
ST0420,87.618726471884,1,-0.20489106403074286,2.677213425931178,2.882104489961921,44.64204674678135,89.54715372399633,1
ST0421,89.57895218629243,4,1.4080488432594755,3.5411622508601024,2.133113407600627,36.438662911277675,91.96099659264742,0
ST0422,89.48090713972769,5,-1.0790294406965217,2.8100240087568684,3.88905344945339,75.84186374441249,96.2906144252528,1
ST0423,54.560305152434516,1,0.2621003383724583,1.8336783229615903,1.571577984589132,72.85408660529265,79.59350368719898,1
ST0424,74.72101523512907,4,-0.8970779016262812,1.1022427986518104,1.9993207002780915,99.14873831829162,91.53891156330235,1
ST0425,52.877938000832216,0,0.8702223808898242,2.9759988968584437,2.1057765159686195,92.65060576061617,31.107778478674682,1
ST0426,77.47644411618677,6,0.8511089662829256,3.3862785307024668,2.535169564419541,61.70480653625913,27.78228499154293,1
ST0427,72.07652506866884,5,-1.1621785528820645,0.9196470517930693,2.081825604675134,59.15307965931477,10.58392754024738,1
ST0428,94.38520913791498,1,1.2361933586291673,3.9645660843011306,2.728372725671963,54.29538222819903,73.61599216861885,0
ST0429,67.54575062760394,5,-0.9161110583903261,2.765052749756021,3.6811638081463474,44.90644980246229,94.37204690323699,1
ST0430,55.853350821380296,1,0.33893202476808115,3.6190905782910083,3.280158553522927,43.975437679130586,26.824181053750877,1
ST0431,57.149584102641796,4,1.4569008602631124,4.0,2.9499049513377775,43.59844102062435,67.32492178841909,1
ST0432,88.07553158587362,2,1.1471896042990917,2.8696975492557906,1.7225079449566991,42.4174592171406,77.18137832995998,0
ST0433,80.91090316581305,1,1.3696917856835071,4.0,3.234980270973189,50.633282756359904,93.48528116332508,0
ST0434,55.05613380613951,3,-0.4722036863456416,1.443832024431708,1.9160357107773496,54.93346097035257,68.21742016154994,1
ST0435,54.20534030574987,3,-1.18327307334161,2.2826453915626352,3.465918464904245,97.50263311752954,97.32643594738771,1
ST0436,85.048456572956,6,-0.9349593801316497,1.1901825161437332,2.125141896275383,72.60076131512258,41.0205826911293,1
ST0437,53.638150318209675,0,0.0014846852298413538,2.5441065060320938,2.5426218208022524,99.19372534336327,41.49356803942669,1
ST0438,91.09300296451781,3,0.8796890348199664,3.255864540614786,2.3761755057948197,59.21035160866876,58.8711259012911,1
ST0439,85.31211135782482,5,-1.0495390674483742,2.5974957192387675,3.6470347866871418,64.74573111831367,44.51516930043164,1
ST0440,54.06743903209499,1,0.4791945967822713,2.2955557435657914,1.8163611467835203,56.09761284574314,10.128315545877935,1
ST0441,54.241885704259595,3,-0.5292671878814644,2.3848450180805068,2.9141122059619713,46.887697308275925,75.85948225782886,1
ST0442,99.33197892505876,4,-0.4763937828235396,1.378760240784116,1.8551540236076556,44.305706005542646,77.6545337330635,1
ST0443,68.71353978780601,2,0.48575319047377885,3.7477427808042454,3.2619895903304665,96.43014785750907,77.22771442180934,0
ST0444,68.53210735334454,3,-0.09900174140033924,3.6636935780858635,3.7626953194862027,99.14269431691912,41.05185999494199,0
ST0445,90.63997836287513,7,0.9360998790779815,3.522619013746115,2.5865191346681335,37.91911727306755,57.006052598005475,1
ST0446,97.36242886919294,1,-1.0322444710115188,1.6879861796509206,2.7202306506624394,44.77248185756483,42.39761663590025,1
ST0447,99.30005319114355,3,0.8698448093011155,4.0,3.818557091206906,62.52906599956647,11.44327600275812,0
ST0448,87.66890926294708,3,-1.3072942558277374,1.4951842157956552,2.8024784716233926,47.11167596238648,60.620404714427686,1
ST0449,68.81297927654579,1,-0.917838359263185,1.8011577358607171,2.7189960951239023,58.652225585747416,21.138459947560996,1
ST0450,54.17503583493344,1,0.4684491435094962,3.414271900270257,2.9458227567607604,43.39126274087617,17.203719168229654,1
ST0451,88.85734579637185,2,1.0647769695332139,4.0,3.22307434090738,64.67326418691637,77.99491618271085,0
ST0452,77.92021248679025,2,-0.7419611167819529,1.0252473209356257,1.7672084377175785,52.66015005100185,10.855558217629506,1
ST0453,71.21110046234881,6,-0.5184251825132612,3.034351136840529,3.5527763193537902,57.87382862431295,96.31075992478536,1
ST0454,95.3177192547368,1,0.11136224486021984,2.700124813493368,2.588762568633148,41.130322345078596,56.37298277013192,0
ST0455,55.559874115307565,3,-0.865281580532093,0.8155896942116208,1.6808712747437138,62.82832329615921,98.47147876355336,1
ST0456,74.63125521454296,3,0.9334687847625167,4.0,3.4654566729955327,98.91174471250204,15.219781522543759,1
ST0457,50.567682238370956,4,0.8209099350172826,3.263284864232963,2.4423749292156804,56.37414804727737,62.51765939793219,1
ST0458,73.43303209970631,2,-1.0641248641026553,0.6867938736349797,1.750918737737635,91.96790286475829,41.439433237832006,1
ST0459,52.815163784091865,3,-0.10851080455010376,2.975936794308023,3.0844475988581266,89.80794420553954,85.91342435328572,0
ST0460,55.9408958134036,4,0.8244832999638643,4.0,3.7003283835841043,96.8837971893187,42.51004617108576,1
ST0461,55.87631233885524,2,-0.4880114066897556,3.2313723668452106,3.719383773534966,86.35711829736114,33.443882115161415,1
ST0462,82.46051510580318,3,0.399320468153195,4.0,3.8941586870224327,77.87379375882297,87.1797814389922,0
ST0463,87.30224396327117,2,-1.3493606356272818,2.319903013789438,3.66926364941672,90.67798887478475,43.71877824879349,1
ST0464,79.16843825485799,4,0.3260662815879538,1.8314185799516418,1.505352298363688,39.916904242727725,11.514998787450532,1
ST0465,98.10862742372709,1,-1.042041059998179,1.4085618560352966,2.4506029160334757,65.08399271792251,45.126019075540036,1
ST0466,68.7435289761852,3,0.9917499753433541,4.0,3.5463564497637576,99.30165550997883,68.90700421098478,0
ST0467,64.28560431409304,5,-0.4336516092585647,1.981980905737621,2.4156325149961857,85.0240098341576,32.89235849257437,1
ST0468,93.42995640947302,2,-0.6553384118154129,2.3485328541338526,3.0038712659492655,97.5348995724195,48.87888331826416,0
ST0469,61.17979192597263,4,1.0226669301344549,4.0,3.01579236843633,85.67623314867615,15.104362445400296,1
ST0470,98.16112697203056,2,-1.3495679307845694,1.0629953293124883,2.4125632600970577,91.86732788373936,62.92835123625615,1
ST0471,50.60772373449082,1,-0.31017360199696564,3.451011216206253,3.761184818203219,80.92442609970742,78.06654314743544,1
ST0472,98.49394133538195,3,-0.389989378274906,2.368081485190388,2.758070863465294,84.43263028712059,47.19813052609992,1
ST0473,52.1579955975288,4,-0.6455988772513475,2.0163616375924045,2.661960514843752,69.00657063956754,47.820936952131404,1
ST0474,94.55715568490356,7,1.235262996004431,4.0,3.99378436415474,95.07545055291864,17.94542487264248,0
ST0475,76.385055454315,4,0.7527851805501666,3.486536090731708,2.7337509101815414,88.62752919051852,28.17467780607843,1
ST0476,99.64823980596502,6,-1.3082305074241836,0.6377651223972691,1.9459956298214527,89.85252276826608,23.92077728151214,1
ST0477,53.68982823676994,4,0.6440623483048622,3.4267359054634574,2.782673557158595,78.7455915625984,53.351899179538414,1
ST0478,77.69271422006604,1,0.08189739938638185,3.616939238186207,3.5350418387998253,54.797696560671184,57.63299868556751,0
ST0479,98.46512678095495,1,1.2026036832047375,4.0,3.442150817245704,37.31593670035905,95.40461181558341,0
ST0480,76.15489220850745,7,-0.5611631479549246,2.9102912648162533,3.4714544127711777,95.8175834116204,16.590835384951053,1
ST0481,81.46993190676312,4,0.22248599882874887,3.4925454588235283,3.2700594599947794,73.0978226723573,63.98811758395424,0
ST0482,84.78743444923086,3,0.0022658242229580683,2.1378103968896784,2.1355445726667206,54.379293124629115,57.38486745954172,1
ST0483,72.72705323838866,3,-0.03131728131718292,3.6238929332833956,3.6552102146005785,44.69378201008996,56.460978814224625,1
ST0484,81.37790400420317,3,-0.13168380144836211,3.6019248619923006,3.7336086634406627,88.91900575754906,88.58433586445437,0
ST0485,79.21571559615501,3,-0.8831115734031562,1.1022701681432165,1.9853817415463726,89.37381263909262,28.498462362593784,1
ST0486,95.05790052454944,1,0.7671297674771784,2.593268858855663,1.8261390913784847,87.94301792848455,13.669594690723432,0
ST0487,52.272319017072896,1,-0.14599190178213384,3.7930205196906464,3.93901242147278,76.9303749778411,70.50443568707732,1
ST0488,64.04815947961151,3,1.375548825007817,4.0,3.6708099091259196,58.79100019347193,41.06417177223821,0
ST0489,97.52057420382793,0,-0.7175747184216711,3.015515649603196,3.733090368024867,54.7645685107167,11.583092459127213,0
ST0490,94.51318919454582,3,0.5482315188811233,4.0,3.715940961560988,35.55606005768106,32.62366065613725,0
ST0491,72.78283763928565,3,1.3221512389173253,4.0,2.854217060084321,89.18449131473562,37.83940967951307,0
ST0492,81.00662989007684,0,0.4903749690482777,3.606379310712777,3.116004341664499,40.68312533708676,65.51545391058178,0
ST0493,63.86905914905663,2,1.1138187228521836,3.9772258531862876,2.863407130334104,75.99907487264989,25.532721464434488,0
ST0494,59.40605798618807,1,0.9824428792710185,2.610458752246841,1.6280158729758227,67.76487154460574,47.17489131580582,0
ST0495,73.18492024699911,2,-0.4196468535329885,2.9441108598489434,3.363757713381932,69.23480833021283,53.42278999760493,1
ST0496,67.66761140130264,4,0.3003718198184897,3.0637019031581905,2.7633300833397008,95.23633494500527,51.331365222768184,1
ST0497,79.1828055925436,4,-1.0312159805659333,2.0880567064096414,3.1192726869755747,37.05497573263074,97.65466900001036,1
ST0498,53.88673184824924,1,0.1065776480867986,2.863177160525637,2.7565995124388385,85.2704946008702,14.09538140112665,1
ST0499,98.71974038330833,3,-0.8087340845569884,1.9207942212491513,2.7295283058061397,38.383405893874965,95.58713678071594,1
ST0500,99.31053722398013,3,0.7312104448573367,2.6606832185517537,1.929472773694417,37.47998438579952,62.374349259462996,0
ST0501,84.90808570098726,2,0.0841752656763739,2.280959553529246,2.1967842878528723,62.93815037918982,81.61549434728545,0
ST0502,76.80481831720601,2,-0.26631791210501854,1.630813817754871,1.8971317298598895,39.09988633229284,48.73533562144679,1
ST0503,65.47638081431639,3,-0.6936087114990673,1.2955570275642887,1.9891657390633561,86.29435683403929,50.845409313128236,1
ST0504,90.68975098534743,2,1.4960954455238604,4.0,3.932443451050762,69.42160108714191,89.13938491142413,0
ST0505,84.23655862769397,3,-1.284868437345202,0.5979151770852942,1.8827836144304961,36.88752087288534,90.6341046662712,1
ST0506,58.130846967244565,2,-1.36931795828274,0.8038581024802793,2.1731760607630193,37.63254462132477,31.481999328816787,1
ST0507,95.54635922469213,1,-0.8482277985184064,2.128246345828056,2.9764741443464624,74.82345443306616,27.931769072615637,0
ST0508,91.12686214615846,0,1.413217375883459,4.0,3.0254464405916046,87.39726814779632,54.6611656482956,0
ST0509,97.4899956645962,3,1.4377145049599536,3.322649829319526,1.8849353243595726,63.456969532860285,91.02493244149225,0
ST0510,86.28597541941801,4,0.46478320431640796,3.949076768779439,3.484293564463031,71.04774364981559,39.01195840655586,0
ST0511,80.6707597967895,4,1.140320001619214,4.0,3.4630071697820624,86.9889145132436,68.68131538052182,0
ST0512,70.91215181453094,3,-0.8581148074776138,1.235179453032114,2.0932942605097278,74.68290131271824,73.7336518966541,1
ST0513,96.63642416770065,3,1.4161262825298708,3.637792039218522,2.221665756688651,49.60941544782327,80.08071984047402,0
ST0514,93.30319447502042,6,-1.0716454495813061,2.7733242140674363,3.8449696636487425,74.84838168151612,60.753201212886694,1
ST0515,52.26093350530947,4,-1.1966244354550253,2.36755417949367,3.564178614948695,75.83816483923889,46.22096604510726,1
ST0516,51.3183487248626,4,-1.1633653822581813,2.0811272003981283,3.2444925826563096,82.71695375727325,97.03143899190756,1
ST0517,68.82316834390248,5,0.21938376981769414,1.9249668235941955,1.7055830537765013,75.35682219119208,65.01976779725675,1
ST0518,90.52766653909165,1,0.8429232021541573,3.3885834044105967,2.5456602022564394,98.00073847977247,75.57086904699437,0
ST0519,99.36380646574722,4,-0.3999984663761007,2.498256213815967,2.8982546801920677,47.82374006660945,41.048456112629054,1
ST0520,57.52084455517641,2,1.4336879633583797,3.402216183317822,1.9685282199594423,96.82089417185995,70.2954262902772,0
ST0521,79.70653576760675,4,-0.1967395856450116,2.42382686962555,2.6205664552705614,69.99206687275105,33.201789594771334,1
ST0522,69.04454283155107,5,-1.0486543476803512,1.9539103460413738,3.002564693721725,78.67714913216929,32.05872257757726,1
ST0523,98.49571989073016,2,-0.10209975544158989,2.216341944846908,2.3184417002884983,41.46500383439234,74.32499816284837,0
ST0524,92.10594615678544,4,0.5371114962673196,3.9894735436435376,3.452362047376218,59.737436189576954,56.92552626366416,0
ST0525,91.91643523555689,1,0.996677341513136,4.0,3.6011239540970137,85.00964452010622,71.49489493801508,0
ST0526,73.43465798974852,2,-0.12369513013022138,2.1853285434549554,2.309023673585177,80.94921598143438,34.249464167328256,1
ST0527,70.74097511688326,4,0.28082047814750233,3.877463364378645,3.596642886231143,37.60906023075166,63.885100695105734,1
ST0528,63.670353596535314,1,-0.6979658635234399,1.0609755517340975,1.7589414152575376,70.5286271273209,49.95402847328013,1
ST0529,52.81877483254635,1,0.437749579216542,4.0,3.594322746556641,40.738082542946614,63.72642581609752,0
ST0530,93.23611881275266,0,1.457915831851031,3.3397919110200727,1.8818760791690414,99.73066789658056,36.17917590197975,0
ST0531,90.64505045650388,3,-1.3528392822366184,0.35447859903769663,1.707317881274315,93.32427825466415,74.39058672842114,1
ST0532,99.98588366430653,3,1.1595920121155032,4.0,3.1044385111025283,36.3702429278549,82.5336429543519,0
ST0533,99.83184185369527,4,0.18684750830256824,2.866690922690804,2.6798434143882357,90.81222262867101,33.39248264719512,1
ST0534,77.77158528013138,2,-0.7437040213131002,3.0260224797189816,3.769726501032082,94.7629240362965,37.05585038700779,1
ST0535,88.44937075902553,3,1.3646691300277736,3.7726421202548965,2.407972990227123,57.98063446662458,69.50388427471836,0
ST0536,97.23828649412141,6,-0.04993709082330322,2.1679435677707684,2.217880658594072,81.76760757810479,72.60266568731898,1
ST0537,92.48236953387058,2,-0.5049292449798432,2.2469080203806526,2.751837265360496,63.73674350350563,73.3689715957705,0
ST0538,62.36740508715988,2,-0.9555071151874766,1.684358349234177,2.6398654644216535,77.59011149746237,71.4428654298253,1
ST0539,72.52720676550467,2,-0.7666433692300137,1.5944267463129567,2.3610701155429705,57.120631279382444,45.352694525728495,1
ST0540,56.45797075757475,4,0.9985471247743276,4.0,3.2343532467458216,55.96635038116244,45.53683069633105,1
ST0541,97.70255136293612,1,0.3432300279514975,3.742134612736268,3.3989045847847708,62.58820277574264,32.93358612799433,0
ST0542,80.308731722544,4,1.2397368584649482,4.0,3.6324599225753413,44.46190431241257,24.115032990672667,1
ST0543,61.43214027517314,3,-0.8040946435266425,3.128046868249214,3.932141511775857,89.02403268829987,72.33196414572151,1
ST0544,83.58503422029284,3,-1.1365842784532956,1.0300562018779655,2.166640480331261,57.665363198506384,18.386990737508157,1
ST0545,80.90641202289478,5,-1.48173740707323,1.808496299151674,3.290233706224904,61.00972100387993,94.40130581081034,1
ST0546,67.90813590164203,3,0.02358611284798151,2.5092317015873444,2.485645588739363,93.1135498256394,84.40176733043062,0
ST0547,55.67787960998145,1,1.4949207911459643,4.0,3.1927049298777703,67.28054791410614,87.17551659615305,0
ST0548,83.57865977963998,1,0.5848958064559167,3.2748500323289678,2.689954225873051,70.37650410780608,91.60019331536712,0
ST0549,76.01538504518966,3,-0.5748162241045618,3.409616532815267,3.984432756919829,97.1723781105114,46.77444736509161,1
ST0550,88.61591958678196,5,1.130575749078515,4.0,3.322255339476875,92.6372149044243,86.2030651015361,0
ST0551,76.00817505559966,4,0.8451667979638788,4.0,3.8812282510858114,46.01533607774857,24.22551702624844,1
ST0552,92.609075015927,2,-1.4537545017703821,2.1336693719325823,3.5874238737029644,65.75897694467683,11.947761514741211,1
ST0553,77.59534193872427,7,0.9505814416230676,4.0,3.7572525279084275,98.13425478285546,80.64022551974651,1
ST0554,78.04689857676931,0,-0.5984197282845121,2.9376282647521754,3.5360479930366875,59.20380938485917,16.731698319724536,1
ST0555,93.83268013291726,4,-1.0509796062491967,1.5969182196905816,2.6478978259397783,59.152252053553,98.96722005933294,1
ST0556,70.17414331061985,2,-0.8210074807887763,1.308463652578435,2.129471133367211,47.67696506629503,70.73167866414003,1
ST0557,56.70076142253204,3,-0.09426058687458294,2.3315398517517227,2.4258004386263057,42.43100241774314,77.8104739217895,1
ST0558,51.43913381566695,1,-0.22539621879596705,1.3251943628039091,1.5505905815998762,83.11981139913883,32.122347065007936,1
ST0559,87.75686278368096,3,-0.6333381018773198,2.176644816784348,2.809982918661668,85.05198046559858,70.64788545277193,1
ST0560,81.01547756767323,1,-0.9833450333789019,1.77929946729712,2.762644500676022,97.98584262769499,13.889794352946149,1
ST0561,85.20398840496118,3,0.786692368926508,3.5998185310027284,2.8131261620762205,85.27218370884859,85.40431479312409,0
ST0562,60.64820807544554,6,1.470329351204751,4.0,3.9350780624301596,50.81791211218392,25.26616837284152,1
ST0563,56.818573779338486,3,0.8333747412590711,4.0,3.778635008637098,37.60757758875351,72.76222601503935,1
ST0564,50.7272332833941,2,-0.6121890969853764,1.2920928488398937,1.90428194582527,99.05342998402791,30.20324511094555,1
ST0565,67.52937794032985,1,-0.7655731157635999,1.6566331881261234,2.4222063038897232,57.12929521033438,16.160785248343846,1
ST0566,79.49588434273166,4,-0.8470023718021853,1.7128880768559696,2.559890448658155,55.278150258107345,53.334431069445486,1
ST0567,69.61220225498661,4,-1.0899147765328911,1.3114175180962282,2.4013322946291193,93.88708863370985,25.23575892455105,1
ST0568,71.87374610118646,3,0.15399164907690377,3.6502315580866864,3.4962399090097827,73.0314934054241,75.64995894938949,0
ST0569,95.20793472468742,1,0.31620111586003263,3.1262952905290002,2.8100941746689676,48.966626300193745,31.38092590451364,0
ST0570,67.41277335116501,4,0.6165079819894119,3.5467575244184744,2.9302495424290624,92.79125577655557,40.8225300612246,1
ST0571,75.69947445799053,2,0.5406401128010039,4.0,3.6325338974698136,99.56845557855831,61.069532613802565,0
ST0572,89.18265063705715,4,-0.6230000661498526,2.891820317388544,3.5148203835383964,40.634106474804,35.64714498195804,1
ST0573,69.8271391160635,1,-0.5090669838094604,1.321461823241289,1.8305288070507493,91.04635583966167,44.01893045889655,1
ST0574,81.10433501139367,5,0.5445436063270135,3.829330066536099,3.2847864602090855,60.38352034948561,83.4059593936348,0
ST0575,93.11818543733726,3,-0.4516570776491151,2.1369332446059737,2.588590322255089,69.06470902293579,26.128886460492314,1
ST0576,97.47603118288211,1,-0.8621304311420609,1.3744918265141903,2.236622257656251,94.46303842472375,17.39814305337403,1
ST0577,57.3536740464519,2,-0.3769915389097813,1.2480555133456845,1.6250470522554659,98.26964772538261,39.55220066197174,1
ST0578,96.32938125807472,1,-0.683747527266067,2.0343763735975604,2.7181239008636275,52.04065417657196,48.193909031249035,1
ST0579,74.6058146539769,5,-1.2350618363442667,1.1535298654670618,2.3885917018113285,48.83530011239439,58.83933539229109,1
ST0580,62.91221941494792,1,0.9904167068299605,3.1191993060209624,2.128782599191002,40.23357630844827,43.518132655750634,0
ST0581,72.95678781191307,3,1.0593341674711088,4.0,3.236679323992394,71.51686042303896,81.09205302005246,0
ST0582,99.00162876427385,2,-0.8407490994993616,2.5829643687896064,3.423713468288968,35.88428570429344,13.538753890162594,1
ST0583,74.63090469964348,3,-1.3056834014243948,0.806290396149167,2.1119737975735617,61.77338934464588,48.85907843787022,1
ST0584,66.43758051437541,2,0.7164823120535386,2.3401009037519067,1.623618591698368,39.769961082380554,44.40303231907642,1
ST0585,81.67004271583629,5,-0.8654141224097589,2.7564676290033283,3.6218817514130874,61.33967589040671,68.28206417261731,1
ST0586,62.00728093890965,4,-0.31969353168941916,1.2052058213213392,1.5248993530107584,37.5955923022646,96.96486267076564,1
ST0587,53.7931664054332,5,-1.3075942432878502,2.53518699151583,3.84278123480368,89.28912193956998,55.93378659659759,1
ST0588,56.44398609553246,2,-0.8211912457246945,2.24785843923207,3.069049684956765,48.63303460600678,98.81891622475484,1
ST0589,56.40229194788862,3,0.8787068349889076,3.183323422992208,2.3046165880033005,56.340066173264276,37.202445542187775,1
ST0590,57.595134675614716,2,0.9131893407456055,3.029384114687446,2.1161947739418405,91.55311977941548,12.778131928821491,1
ST0591,56.94135863247051,1,-0.8787455253368688,0.6437686353243193,1.522514160661188,83.50729398659334,24.909685072877146,1
ST0592,82.04373724016074,3,-0.4922584646799315,1.5964200778472613,2.0886785425271928,49.2374935067338,45.56123962971106,1
ST0593,59.09400421995724,1,-1.0972847427187693,0.7470360110740835,1.8443207537928528,39.67346221273724,38.470051826969694,1
ST0594,67.28336416619317,7,-1.2774821091452329,1.752933442662631,3.030415551807864,81.51879549559706,18.73487178850399,1
ST0595,94.8394204953006,6,1.4765151433452282,3.3928791148297313,1.9163639714845033,60.39566579472711,48.93940969216452,1
ST0596,73.69808201314362,3,0.46678185373451764,3.2883564475760663,2.8215745938415484,84.79519994268438,40.43041944936065,1
ST0597,83.37788692605136,4,0.12628952759495626,3.1015805834561334,2.975291055861177,63.94416020438868,21.035729841169463,1
ST0598,58.61599356008149,1,0.7964955012158987,3.041599747083185,2.245104245867286,57.490156843197965,36.6505417550718,1
ST0599,59.61445094043354,1,1.0202314790631721,2.607893851609969,1.5876623725467969,64.32835153380577,89.77924498198514,0
ST0600,52.043430813323944,2,0.9201443041341824,2.5132790056696726,1.5931347015354902,83.65633406859399,37.184397894040615,1
ST0601,58.44675315360823,3,-1.4503816521303703,0.11548667835442372,1.565868330484794,93.64431862512433,74.25598809178464,1
ST0602,63.92951695159793,3,-0.9395763054285046,2.408235362412861,3.3478116678413654,38.23486777825741,65.084237169198,1
ST0603,58.85052421383734,1,0.46471590635349314,2.7597401683892384,2.2950242620357453,69.06725017975208,48.44630461675346,0
ST0604,54.43512668785278,4,-0.37272195658811125,3.1180285083310477,3.490750464919159,37.13430289045204,31.512307312330226,1
ST0605,56.03179355503004,1,1.447447953183321,4.0,2.5793320596071228,65.44662042658331,43.21132294113509,0
ST0606,73.03893840163629,3,0.4962143779147621,3.1287096299896717,2.63249525207491,92.54338389129853,63.28964921239385,0
ST0607,60.31668592028963,3,1.3696467261876197,4.0,2.7822065062739343,58.50336731732013,41.56778932744194,0
ST0608,68.21349305240378,1,-0.8956605550626185,2.3869180858751413,3.2825786409377598,95.60927737024181,29.340679021680863,1
ST0609,75.17086354274284,2,1.091871084345069,3.275628248919337,2.183757164574268,75.98955065728961,20.48164740024689,1
ST0610,84.51974143146826,4,-0.535943082554324,1.2680252912794931,1.8039683738338173,95.72009734654542,89.17902441186088,1
ST0611,51.965606992054944,2,1.4686944247134202,4.0,2.8901433379786536,84.21583065181377,49.62816781767151,0
ST0612,89.97051994545214,0,-1.026933983780558,1.2905100743262903,2.3174440581068483,41.72328583216955,66.2687489568637,1
ST0613,81.39501947454539,4,0.04901945651497974,2.6552477406850734,2.6062282841700934,50.02483889157401,54.136932502312476,1
ST0614,54.08795159744359,0,0.8785336015113661,3.9959003723546296,3.1173667708432635,60.621079547927906,88.53098665221671,0
ST0615,93.67893120533887,2,-0.20207255818789238,2.533241794665284,2.7353143528531767,46.05694733078494,59.224136720338976,1
ST0616,96.04362002659066,5,-0.09574781943705979,2.9549492233150474,3.050697042752107,67.16925431048293,53.2703276154202,1
ST0617,53.05389799274319,1,1.4590673865172232,4.0,2.8605000052840697,65.63893012059688,93.21408913795413,0
ST0618,63.843882407360184,5,-0.22407554909654004,3.125415380743708,3.3494909298402478,97.15684787177977,74.77206364408191,1
ST0619,90.31006398965306,4,0.3122163017971906,3.5770578460762406,3.26484154427905,63.19231238823855,20.03949166121716,1
ST0620,87.41298451918291,4,-1.336381017974548,1.4990937115470002,2.835474729521548,86.06574227871985,25.993401507713266,1
ST0621,59.226050967818864,3,1.0266302406307801,4.0,3.197257552149267,96.2241854153462,80.84105766454977,0
ST0622,60.467466166835514,6,0.4445041469386304,4.0,3.683899005681532,92.00427401330906,85.22661890619588,1
ST0623,68.5236051395691,2,-0.2879396914115593,2.292738528058862,2.580678219470421,48.56339559325347,59.067174618126685,1
ST0624,74.22614925955106,4,-1.4514913801364409,1.0804163017355433,2.531907681871984,67.24194312648038,59.900970507997535,1
ST0625,80.9127385765148,2,0.2750064617805117,3.685620513911462,3.41061405213095,57.60308584923517,66.87396665663,0
ST0626,68.44568197848862,5,-1.4620265145475133,1.4943580780574717,2.956384592604985,60.99081518391901,49.52041968543755,1
ST0627,73.1267358066574,3,-1.4963891582729463,0.18112779228352505,1.6775169505564713,58.452443705973835,71.21792111355136,1
ST0628,87.37354690668784,3,0.34829568644806397,4.0,3.7302800392277033,88.71334866137528,19.763313180977413,0
ST0629,51.834160144529896,3,-0.9329487979963372,0.6440089575977631,1.5769577555941003,64.38903858295909,96.51513181306477,1
ST0630,62.62184721720104,1,-0.9243373508457141,2.4466535396786435,3.3709908905243577,69.04013159590474,77.51393414154295,1
ST0631,85.66747929422762,3,0.4598146974982311,3.856800054259013,3.396985356760782,98.85907820805986,66.80567836081062,0
ST0632,94.76034188435997,6,-1.3389084361818773,2.543869277022949,3.8827777132048262,38.89865269244857,38.46898513085326,1
ST0633,75.58387210578331,3,-0.559783315576331,1.075552705429471,1.6353360210058019,66.71724658639867,24.485993871105624,1
ST0634,76.60567426326578,1,-1.051704293573943,1.9404378583872846,2.9921421519612275,85.31401095149755,46.840866744605016,1
ST0635,55.358600566988805,3,0.2405291093896016,2.810130535957234,2.5696014265676324,44.825527282234724,69.54190665166527,1
ST0636,72.37061834117273,3,0.4852954641821876,2.811877851331043,2.3265823871488553,74.7495536499603,67.03387690807998,1
ST0637,76.63086332275115,2,0.6634075607971308,2.3892039615448133,1.7257964007476825,50.56521066974034,44.43770395590143,1
ST0638,62.12352518173648,3,-0.7343063492443037,2.172328949933969,2.906635299178273,91.38126735959689,65.19577544498168,1
ST0639,63.46216154746905,0,-1.232250745090248,1.4653510690962859,2.697601814186534,56.26147825100516,83.23734660107928,1
ST0640,68.86420815523113,8,-1.2639490291743065,0.49743711620325404,1.7613861453775606,56.38908309855912,12.365629510384636,1
ST0641,51.003559888886315,1,-0.22154535464782876,2.8096784130948795,3.0312237677427083,73.88260210366309,50.555894313724814,1
ST0642,66.10395827915892,1,1.3375332271881453,4.0,3.3448828006323463,46.93158902779407,78.2699705620112,0
ST0643,60.572400349827234,3,-0.8468128972589262,2.5713828553751945,3.4181957526341207,53.51776152869897,59.15300234170395,1
ST0644,66.37486760889573,2,-0.729775195975352,3.0336577746807163,3.7634329706560683,62.08107025776175,68.6328479136163,1
ST0645,55.98810659096256,2,-1.1973335936824232,1.3263432610395198,2.523676854721943,57.98646110410718,56.50087533448078,1
ST0646,94.52636403699475,3,0.31671082168179066,4.0,3.8826819215553425,69.11701917036285,99.26870902140799,0
ST0647,79.67962267770244,4,0.5396186218415249,4.0,3.6635735127067153,73.97660936448281,14.91593828401344,0
ST0648,83.95511595722448,3,0.42879362448227987,2.6700475520421274,2.2412539275598475,71.83338449376069,54.19403395951396,0
ST0649,89.45856193036691,7,1.0833907291343436,2.98159832250799,1.8982075933736462,77.5209402794756,18.22748942030659,1
ST0650,74.92210994645286,3,-0.04072249492178481,2.547750995398249,2.5884734903200335,55.003718579508316,24.380700590221338,1
ST0651,54.34601440437118,3,-1.0966288776988067,1.40811789219111,2.5047467698899166,43.217704765076824,44.47345153764356,1
ST0652,76.85532709092739,3,-0.631784607886762,2.307513655441249,2.939298263328011,84.45249019302001,23.998608235043857,1
ST0653,79.34205590104395,5,0.48728992026405527,3.445755501083425,2.95846558081937,90.30072487099433,96.7318449360986,0
ST0654,87.2719737092165,5,0.33936592122467957,3.7143333821746176,3.374967460949938,51.7054050944581,95.21107990526431,0
ST0655,71.58297731148397,4,0.09300938922888746,2.867734259742913,2.7747248705140253,61.46097715027128,40.249868159854344,1
ST0656,56.37901513977819,4,0.5488932560660613,2.3109498584179753,1.762056602351914,67.40699910263109,67.57729408339117,1
ST0657,64.18879528993622,2,0.41217255111989815,4.0,3.6457283388827655,69.66624477894086,58.03779885344075,1
ST0658,68.15411481993175,6,1.143974668394855,3.418386126357823,2.2744114579629677,77.86686112069737,83.40282824641918,1
ST0659,82.29586206658007,3,0.2580491324348899,4.0,3.92824365076648,37.704210168095884,66.4701048835248,1
ST0660,78.53891523344559,2,0.8358040761016694,2.630454347801095,1.7946502716994255,81.89601037771111,10.022720904150589,1
ST0661,67.80483629489231,6,-0.7538785321005964,3.1417493984806617,3.895627930581258,39.02811545366167,78.6856947048765,1
ST0662,99.32576243964898,4,0.5345477537672041,2.2620772709734966,1.7275295172062926,65.43875689873641,77.21633091665063,0
ST0663,80.28874096784436,3,1.206582355148027,3.284172700015676,2.077590344867649,88.79862381199763,55.875043500983296,0
ST0664,61.86133958679972,3,-0.34280301630050025,1.2736468389158537,1.616449855216354,64.32899536309576,91.26270759097484,1
ST0665,55.089123631020186,6,0.8373125620159398,4.0,3.2627828665974876,44.690833669936104,91.76015851213614,1
ST0666,57.642956959216605,4,0.6743679035863064,4.0,3.6257468414294793,99.02719992538738,57.15205090339575,1
ST0667,62.29788641922541,2,-1.3214214093845325,1.2637562951554187,2.585177704539951,92.80355503482711,64.7189408076884,1
ST0668,58.03406866297779,1,0.24452492887221688,4.0,3.8213051876060744,85.13538615962591,99.68698647322051,0
ST0669,59.32835120256529,3,-1.1094319523975928,1.8663157269914061,2.975747679388999,61.748254188448676,36.89382113302757,1
ST0670,64.25475843469235,4,1.4019575166917733,4.0,3.075017838616308,46.949972247804354,39.21555180803296,1
ST0671,58.66867976473774,5,0.9342225081019686,4.0,3.613548004251925,96.19172679220259,26.449651239714672,1
ST0672,94.83827123132126,6,-1.1708285962586396,1.0711719163709579,2.2420005126295974,69.60282322361404,90.62802452420812,1
ST0673,54.01168728308211,2,-1.1347440070569648,1.2509202962620996,2.3856643033190643,90.40310492518654,77.00395509543397,1
ST0674,76.22556947851274,4,0.28342156473785685,4.0,3.7648797979866107,57.23617537436267,19.50785639832177,0
ST0675,70.51984134948307,4,-0.4653324774804499,3.2870762626164596,3.7524087400969095,56.793740610165585,98.35906160781691,1
ST0676,99.11893084543033,0,-1.3952824227806722,2.545924517721505,3.9412069405021772,99.06013124381253,75.78655373450044,0
ST0677,55.60194510840262,4,0.12492452349915917,3.879520314603337,3.754595791104178,68.91914815216523,86.54698986444771,1
ST0678,69.89277995228709,5,-0.3364647009424593,1.481965389140943,1.8184300900834023,44.14520255094851,14.333571025588084,1
ST0679,98.47352166376845,2,-1.196770522884772,2.362540192457696,3.5593107153424683,49.27885406965598,55.44648270479509,1
ST0680,93.27535629469901,5,0.9057611767679479,3.430357372041933,2.5245961952739853,66.32637816052684,72.87384580543353,0
ST0681,90.85360354746399,4,1.2452302958364179,4.0,3.9770033898648447,37.76060918174674,58.865192611465716,0
ST0682,62.895141352246995,5,0.7697818020423899,3.4504842128643927,2.680702410822003,65.06470904958954,69.99827191293497,1
ST0683,58.54437936950329,2,0.9672669300488321,3.8518571363043836,2.8845902062555515,62.23115473520829,83.60866572314252,0
ST0684,83.43216099622154,2,-0.8505282982016479,1.9739089899403481,2.824437288141996,85.65685724576664,43.69033566641766,1
ST0685,96.46879945637929,0,-0.709281147244197,1.5950614274014976,2.3043425746456947,58.071227691800715,86.38018080568388,1
ST0686,77.83814465069649,4,-0.8744173791024368,0.8131378431298586,1.6875552222322954,98.86566950007395,24.662449428876165,1
ST0687,78.580634473495,1,0.7951902940966917,4.0,3.7391280760047962,46.7500447545587,34.37974495237373,0
ST0688,63.998954683014205,2,1.3437512368034912,4.0,3.506689531315717,73.41413452292878,13.901105793459319,0
ST0689,88.47464665959684,3,0.6505116202017076,2.4993285716008806,1.8488169513991732,40.83045430553655,42.7984130201726,1
ST0690,59.35218742787617,2,1.1444002946386682,4.0,3.4419206783751823,82.70115895960883,44.191859034170825,0
ST0691,66.18396182021218,2,0.4160972846495177,3.4807139497760424,3.064616665126525,99.65898972402815,82.47435374865259,0
ST0692,71.27182193082083,1,-0.3370202983236028,2.1858391714704526,2.5228594697940556,88.2440114538561,68.78176032606905,1
ST0693,75.38051893422275,3,-0.22271515520908447,1.9123377175298224,2.135052872738907,71.12073014681958,49.30503023401,1
ST0694,62.12048662075401,4,-1.2740357034977854,2.375286255257796,3.649321958755581,66.50818823097998,68.69025807613734,1
ST0695,55.74184123696018,6,-1.4056284142619218,1.844842233973211,3.2504706482351327,89.27694748234505,14.750501546412204,1
ST0696,80.53100212208163,3,0.5864268125672321,3.455776586240074,2.869349773672842,95.83831550619708,26.224438241653846,1
ST0697,64.43152766201278,2,-0.184713323966458,2.839208010779702,3.02392133474616,99.29842417687604,66.42530697175795,1
ST0698,79.06191107113061,3,0.1566452041638886,1.884310659369341,1.7276654552054524,60.77504979169147,67.7230137302772,1
ST0699,57.718135763710116,1,0.17298374286724894,2.8577831451452287,2.6847994022779798,99.4096358616433,79.67211928366844,0
ST0700,74.05700509274087,2,-0.6678725600000958,1.3163781719641592,1.984250731964255,45.13520639129905,46.2699783148242,1
ST0701,76.62947162757929,1,-0.07232246751152793,1.9486367300105356,2.0209591975220635,51.4807354355741,75.02986869545406,1
ST0702,52.591176841121346,3,-0.08771933499689322,3.0655405707202736,3.153259905717167,40.78604810770325,71.55822993041704,1
ST0703,66.83021390969603,4,-0.334718336316429,3.4434220432692912,3.7781403795857202,52.66300357149131,96.70540405328641,1
ST0704,56.72073384694871,2,0.9620261502032115,3.471417676399078,2.5093915261958664,84.91594085517073,29.361720378221126,1
ST0705,53.168748523638385,2,-0.14650798893721229,1.8728651935932636,2.019373182530476,90.44008328159923,59.651160737737555,1
ST0706,99.49801161949726,3,0.31093357351796347,3.432800916609599,3.1218673430916355,85.62802193166716,64.15879978994224,0
ST0707,66.11769224873615,2,1.1865603611424782,4.0,3.6779676158757946,76.01927558090026,99.87830964407986,0
ST0708,90.49372229273175,2,1.0987008685767674,4.0,3.370797002806227,68.40782331397196,28.10657279499865,0
ST0709,62.732032738188195,3,1.1712666113374954,4.0,3.671893076341468,81.06577879888702,57.0896217970563,0
ST0710,84.07513611119646,1,-0.6899850106049581,2.15140166692204,2.8413866775269985,60.404180702369416,41.1566776942275,1
ST0711,88.01139299448432,6,-1.3950525350758114,1.9846380758471658,3.379690610922977,89.68504284748062,57.33036717210998,1
ST0712,79.78193703039221,2,-0.7167996003140124,1.133361798083329,1.8501613983973413,79.01735610849104,30.891574189279535,1
ST0713,73.57880942750792,2,-0.6638779631378741,1.7068085752701045,2.3706865384079787,80.35730540213655,14.28511405847393,1
ST0714,70.59204570736343,2,1.2280809801749042,3.70195389137871,2.473872911203806,69.83583955338963,61.530890850792,0
ST0715,67.44341332714977,4,0.4477281985139119,3.2259675641289984,2.7782393656150863,92.53988397372622,40.22688842747489,1
ST0716,96.4764572123913,1,-1.2548881211933138,2.5678027794487455,3.8226909006420593,51.38095768913841,26.374726157359028,1
ST0717,91.53097038938645,2,-1.0938642119666966,2.591877188588739,3.6857414005554356,59.7745974684683,39.15420094702304,1
ST0718,98.25134553332563,4,-1.0329716233740738,0.8033421073488876,1.8363137307229613,85.54676702904979,14.435218130297043,1
ST0719,56.21486117427724,3,0.39126524450676947,2.3232393742129274,1.9319741297061581,67.02867824840695,95.5398010681093,1
ST0720,86.54337376018222,3,0.7062420765210091,3.100343450493287,2.394101373972278,92.7989108725724,62.30331234759344,0
ST0721,96.91702284105189,3,1.0789317316961884,3.305791396422873,2.2268596647266845,57.5159557845854,83.32918132123224,0
ST0722,59.061653308283006,6,1.3219096524187295,4.0,3.0369273828906556,59.00646097327691,48.080637779295735,1
ST0723,53.32481336833887,3,-0.8948863278406747,2.8620537915706876,3.7569401194113623,92.76782631013064,91.29832008095671,1
ST0724,87.05603246450295,3,-0.5706825458278528,3.335046308353614,3.9057288541814668,65.18407081183267,53.4986399397028,1
ST0725,78.7236556589956,1,-0.779031357765508,2.3549760235725583,3.1340073813380664,68.54809797316165,61.65507899806025,1
ST0726,92.0914388379136,2,-0.42371529760158677,3.17168270590113,3.5953980035027167,56.62964149681916,54.261458205639116,0
ST0727,56.988618831314476,4,1.2439953222712483,4.0,2.8130055005769927,52.983546241640326,75.99504662808864,1
ST0728,89.76336559299452,3,0.22533770081808457,2.246155067968184,2.0208173671500993,77.63666620449548,60.99904698418561,0
ST0729,60.08136600238723,3,0.7145756919734971,3.5262967222071904,2.8117210302336932,42.78964300017825,34.443903122235795,1
ST0730,58.18279714328523,2,-0.02964229161965415,2.8580642119744737,2.887706503594128,92.1527216768891,23.098557819038167,1
ST0731,58.21328989654965,3,-1.4134262599916263,1.942717650542265,3.3561439105338913,85.648203889732,64.551194999468,1
ST0732,90.72873601156911,1,-1.307413542006557,0.7422939322618158,2.0497074742683727,47.398637140877184,54.02619653923326,1
ST0733,83.25986103481,2,0.1137690938036573,2.5345450490204864,2.420775955216829,80.11129647859676,18.637812702650166,1
ST0734,76.15327123845597,2,0.656367104460077,3.0664357774964928,2.410068673036416,74.17113988356627,45.60557192139416,1
ST0735,67.94152420617513,3,-0.8540084174138055,3.0445905719391066,3.8985989893529123,46.994778297881865,56.32987798004082,1
ST0736,93.86002704065541,5,0.6657287219769121,3.2755911227937093,2.609862400816797,52.758227893265115,84.4203910443031,1
ST0737,69.62225537113177,3,0.9319973204505372,4.0,3.387734918245366,61.584122742699236,16.84909502500261,1
ST0738,90.82997197357886,6,-0.26430756491366636,3.112720888522431,3.3770284534360977,80.45077779095581,41.36458134214026,1
ST0739,71.95674542851091,2,0.7392576985323149,2.9031181605404184,2.1638604620081034,76.51702157310538,84.03905104393468,0
ST0740,68.84722147124538,5,-0.2879101490146203,2.64176407441471,2.9296742234293305,69.59526509898537,68.3581538594421,1
ST0741,73.13398928348032,6,0.5350518883650599,4.0,3.7357572332966202,84.94668530241222,36.09624896234081,1
ST0742,65.0688937082071,6,0.7919911479586292,3.479985446601003,2.6879942986423737,84.26595307440078,86.08016098203781,1
ST0743,87.38046900881255,3,1.4757798549243324,4.0,3.862793768356365,75.16084501404663,54.39642225064231,0
ST0744,75.13601950462396,4,-0.4638100138092116,1.5723355595011923,2.036145573310404,86.15435542001364,54.85167021794145,1
ST0745,61.61063475734086,3,-0.2668776582761656,1.4185201061589112,1.6853977644350768,56.7271193606486,97.89286052803459,1
ST0746,94.97872866372842,2,-1.003139821769486,2.725494861092387,3.7286346828618733,92.28121934096936,95.24048529127406,0
ST0747,69.19456106866056,5,-0.8877808247945793,2.731422170110962,3.6192029949055415,74.96915557712614,42.267941503285954,1
ST0748,77.17764305569943,4,0.5801850077951332,4.0,3.981474689834612,88.45362839780799,22.652121579677406,1
ST0749,95.32360554822735,2,1.251136770463428,4.0,3.1984837202810654,70.50814181136846,39.31000590502846,0
ST0750,81.21189979569961,0,-0.3161851450162785,3.525534671651595,3.8417198166678737,49.198485924264226,12.743493428024923,1
ST0751,55.8449020354182,0,-0.9604666594933763,2.606905903216901,3.5673725627102773,70.25665836409006,11.869109803935208,1
ST0752,96.99160618067376,5,-0.6447015018510178,2.966364330949199,3.611065832800217,59.12225814547823,45.59699226262773,1
ST0753,81.38540265357089,6,-0.13484488557558416,2.7880090405600866,2.9228539261356707,80.33743734241114,94.69178404275108,1
ST0754,66.7452807328543,1,-0.6280490119038948,1.827862482887882,2.455911494791777,65.92659646275783,88.4221607108987,1
ST0755,56.96360363316936,2,-0.7992627506344012,3.037132430723803,3.8363951813582045,89.3473323202997,56.02985505258607,1
ST0756,89.7012594635148,5,0.7079534662712388,3.288246405310975,2.580292939039736,79.07471330092459,60.87037430537476,0
ST0757,81.00363779642568,4,-1.4764652362781305,1.370583181846042,2.8470484181241726,79.49538814703607,10.534014707145083,1
ST0758,76.67305459881608,3,0.11769158200944929,2.7329773498224186,2.6152857678129693,49.11509667691922,29.395104025038894,1
ST0759,94.69462915254789,2,0.8813004210892617,3.7933462059897547,2.912045784900493,98.97623482193387,12.229671424094537,0
ST0760,89.42986056122655,0,-0.7013151410475954,1.9749475564332224,2.676262697480818,89.70888860264677,77.90855794258488,0
ST0761,57.58374398663756,4,0.30987453183605207,1.9297934282847418,1.6199188964486897,86.28531749644515,23.108121642384795,1
ST0762,65.5861033897774,5,0.5067003168558535,4.0,3.7051204650192466,56.46398963540179,88.21423922291352,1
ST0763,62.424456990723286,2,0.4650740892152698,3.0760586365046945,2.6109845472894246,69.81605743507006,67.89918823082094,1
ST0764,87.19731462863385,3,-0.1624510974038469,2.8099080238645247,2.9723591212683718,43.91170722483136,30.6476808864142,1
ST0765,51.67662173678897,7,-0.4602660363726625,1.387703470522305,1.8479695068949675,70.00093848307588,24.194828537492477,1
ST0766,78.49448424356582,5,1.0077722190834404,2.5162418390400383,1.508469619956598,44.48280102141367,66.48622308307478,1
ST0767,88.12293428703452,3,0.7753378709995928,2.8885631051087,2.113225234109107,70.94745985932408,91.07532822540911,0
ST0768,93.83828183808748,1,-0.5362344797582624,2.7252306005751135,3.261465080333376,77.16692221006886,74.65241970229435,0
ST0769,67.10408743579538,3,-1.1909424166733817,0.5570439086088148,1.7479863252821966,60.36273787124365,41.369198644303985,1
ST0770,91.06286523360063,4,-1.2845773636635924,2.4876412373025776,3.77221860096617,67.40541709153406,62.86452357417824,1
ST0771,55.53158684776036,1,-1.217172066303192,0.8203843570872698,2.0375564233904617,91.9174701988481,37.96855258351792,1
ST0772,92.3226145867259,3,0.2486080835761284,2.2600921193055674,2.0114840357294392,42.056604405682606,99.9234610100793,1
ST0773,56.37443311659912,3,-1.345013472513031,0.6087564315407079,1.9537699040537388,86.46263804497744,77.3955269615666,1
ST0774,69.86436452801837,4,-0.4892193751078848,1.045734907320527,1.534954282428412,46.09904581475277,65.29434757810782,1
ST0775,89.86476828897767,1,0.7595991057426881,4.0,3.4295136711955863,37.386018882300846,48.09332284892463,0
ST0776,57.49587136743869,2,-0.6169555004538657,3.0706308276592806,3.6875863281131465,47.06234917842811,65.63370612336016,1
ST0777,61.462569761632075,3,0.7899242315403896,3.8253309880808866,3.035406756540497,84.72780734808183,40.74544562206013,0
ST0778,86.1126284196533,2,0.7364011146211658,2.7069010688208213,1.9704999541996557,61.3331947668959,12.597835551222769,0
ST0779,86.00182682730372,1,-0.762518602100351,1.4506763902518482,2.213194992352199,91.71383359500183,45.55796701209695,0
ST0780,82.05738164426486,1,0.6864665402782366,3.376283283690645,2.6898167434124085,69.10599017684729,93.74327376218802,0
ST0781,84.697422223355,3,0.743329914816302,4.0,3.885864879058252,36.44627287521151,66.36709852964793,1
ST0782,77.13622216737981,0,-0.3076382229989194,1.8107402065454379,2.1183784295443573,81.58638462412523,17.556013276381144,1
ST0783,62.58995294534763,3,-0.8687385487754453,2.4603762110242746,3.32911475979972,42.16513906688012,89.64942520555233,1
ST0784,67.28479967519597,1,0.06381242067560722,2.662432978907908,2.5986205582323008,86.30967617502509,34.19873644073634,1
ST0785,59.079885840071285,1,1.264192764000589,3.5088111349006437,2.2446183709000547,45.926665737336705,31.93925437744547,0
ST0786,95.42252806668142,7,0.418850197296186,3.0586400398514706,2.6397898425552846,57.45401507735838,36.73818719022887,1
ST0787,79.16958973830603,3,-0.9812325071182164,0.696784286734865,1.6780167938530814,84.48264292564842,61.94820125133617,1
ST0788,70.042570838182,2,0.5482707742005597,4.0,3.496718427325906,97.0250382359674,59.02192840905789,0
ST0789,73.10029018220663,4,-0.2183909181544963,1.8898639018029217,2.108254819957418,59.1432067920376,54.22723791605936,1
ST0790,97.36416698059077,4,0.2745863920661189,3.588116700048545,3.3135303079824263,88.91101431293083,74.57831771613643,0
ST0791,57.66757015580401,0,0.7021921050693236,2.37306303368981,1.6708709286204868,47.40149725592951,38.48839582014631,1
ST0792,79.31149160083986,3,0.04484205454333434,3.9325884449575494,3.887746390414215,87.46668506316192,80.3858069415188,0
ST0793,75.2944339442233,3,0.9419519237199259,2.924489387234172,1.9825374635142465,77.73711385165632,25.77895105407392,1
ST0794,80.57271177173239,7,0.6664667379498832,4.0,3.706855190517701,47.52832796880395,80.43587101693083,1
ST0795,50.90550919104203,3,0.345220020055532,3.868903044094118,3.5236830240385864,54.66275742284175,69.74290947252545,1
ST0796,93.60619544720757,2,-1.0476215525029455,2.8720282577005944,3.91964981020354,43.56510775880734,71.48874785928278,0
ST0797,96.60591412418063,4,1.007847332734705,3.7025739850990793,2.6947266523643743,59.89285571918036,53.3398057414534,0
ST0798,78.25665917946044,2,1.307716755959448,4.0,3.3184932346148788,48.237161673013034,70.03013794127781,0
ST0799,84.8325411938446,2,-1.0891046285721155,1.3376720140223446,2.42677664259446,76.85986698598077,17.181734190351165,1
ST0800,96.12496905886479,3,-0.035276611699708305,1.9256439833495262,1.9609205950492345,99.64283177433632,86.63960053444305,0
ST0801,85.36193171566993,0,-0.7233337740884865,1.8843560582451357,2.607689832333622,35.78059560047717,14.999251013888141,1
ST0802,57.62695214571307,0,0.7635699222766936,2.677942460747831,1.9143725384711372,70.15978786367441,23.38673588843477,1
ST0803,78.81441800834065,3,0.6648889080140998,4.0,3.95511155696596,72.28832884068564,61.91107376475127,0
ST0804,80.3357523191428,4,-1.077344638288804,0.663271589562987,1.740616227851791,94.42357132925278,76.54703099110223,1
ST0805,71.2065335651193,6,1.1310818137849115,4.0,2.973029308631551,67.89034675985094,16.86264079116281,1
ST0806,86.82221178123615,4,-0.9570808080659932,2.1090788300691465,3.0661596381351397,70.34059227691964,92.86883327100878,1
ST0807,96.71835073845074,2,0.8917770769443223,3.736975934129458,2.8451988571851357,65.65743208634527,97.62468839206288,0
ST0808,96.27842564533881,2,-0.12905892111598538,3.026405793163599,3.155464714279584,52.47877979649629,64.535515570694,0
ST0809,72.5419685702066,8,-0.5151831193255463,1.2752688182041811,1.7904519375297274,38.64189366117939,53.31191098391529,1
ST0810,55.661902292037766,4,-1.0252822119773595,1.8622640985358685,2.887546310513228,61.56274934363935,76.72554750517747,1
ST0811,99.24205994811672,3,-0.9971572315601118,1.2208741962582919,2.2180314278184037,38.41844563064411,39.552161709448484,1
ST0812,91.94490432229671,1,0.4856716641027008,4.0,3.8504401582526415,70.78201051528465,54.39379906945958,0
ST0813,56.233134060163344,2,0.15129116384136143,3.5564702974406757,3.4051791335993142,54.97408681074906,92.45359241329612,1
ST0814,96.04209413086862,1,-1.133743735046302,2.7975424703530547,3.9312862053993567,69.6841560991528,96.00898827173802,0
ST0815,93.49481810310641,3,-1.1619064186850245,0.43198375566544933,1.5938901743504739,43.72930268568713,93.43622044460665,1
ST0816,75.94190285630361,4,-1.2830682756816256,0.9297646622701463,2.212832937951772,95.62094777305838,33.620326026745616,1
ST0817,79.56377178724647,0,0.7313020421206322,2.719858508716505,1.9885564665958726,93.14388083074576,30.922213619508707,0
ST0818,69.95013519350651,2,0.6356462556878677,2.1635327239674442,1.5278864682795763,47.34977309814849,36.78980553363829,1
ST0819,52.73808194110157,5,-1.3247070274362747,0.7811072981795286,2.1058143256158033,57.32387841411064,49.71800011496142,1
ST0820,66.75986208229504,5,0.18081022679091885,3.3777501855919914,3.1969399588010723,74.87703017037867,38.27506715127672,1
ST0821,90.14267242990057,3,-1.2459715342719302,0.8317507710644914,2.0777223053364215,41.21960347488391,43.67915161651522,1
ST0822,50.23160115023014,1,1.211237311826825,3.9837459255333703,2.7725086137065453,58.04690837254981,65.85732569086835,0
ST0823,66.6749585845572,3,1.2213522575403974,4.0,3.7195452874124966,51.3222986432354,78.62731093845782,0
ST0824,69.90843467954717,2,0.5946989694393903,3.8290937703120784,3.234394800872688,94.50858736658529,76.20023784411254,0
ST0825,76.86978014689615,5,1.27856676431835,3.76513943908343,2.48657267476508,90.41319135879834,83.29812103712368,0
ST0826,95.99278082063802,1,0.9343590912410717,3.3655314385213426,2.431172347280271,72.68912818234614,12.896596289386196,0
ST0827,67.31729971829806,3,0.9856157277811484,3.6249552628023602,2.639339535021212,68.82251189665232,14.296041071088048,1
ST0828,67.34766009481139,3,0.20912355170979957,2.1517271543595653,1.942603602649766,95.49717664545082,81.04446646197664,1
ST0829,86.87506240548743,4,-0.5818224053514723,2.503179513188498,3.0850019185399704,95.607805893623,57.97709400921687,1
ST0830,72.61089704449036,2,-0.8466026546507353,1.5637793931107784,2.4103820477615137,98.00645814785793,62.032660638590826,1
ST0831,61.2302411469991,2,-0.5183999338832125,3.1125134392718965,3.630913373155109,43.1496274670322,14.732817419293937,1
ST0832,72.62197580663467,1,0.38548629026718606,3.776867940411727,3.391381650144541,45.43625769960606,32.97824210541438,1
ST0833,57.04285101898999,0,-0.9820303925028032,2.044252517727597,3.0262829102304,78.98788541419263,67.451887439693,1
ST0834,58.819349325311165,2,-0.7240792900880352,1.6864262665357552,2.4105055566237903,70.19324097963991,87.32637010996085,1
ST0835,74.91838863697399,2,-0.09581741161360657,1.9290121675701046,2.024829579183711,36.200283818060335,92.52850574632623,1
ST0836,70.9462724752274,1,-0.8008497044261533,2.639529955837904,3.4403796602640573,39.02837733931876,55.037754625157355,1
ST0837,95.742295053405,5,0.265931009148185,2.9819537566259013,2.7160227474777163,92.72522484682233,59.09268094643779,0
ST0838,68.11969495583165,7,1.2695280853689894,3.331403180812383,2.0618750954433938,91.47660171006011,84.97446679620919,1
ST0839,79.02941751390217,2,0.7442680971093791,2.7322046347093947,1.9879365376000155,58.22260992974293,58.38621406726192,0
ST0840,81.61321439597651,2,0.49927984244673906,2.4127821037001365,1.9135022612533976,92.91829010048475,56.51726729835856,0
ST0841,50.654722829416684,2,0.2481644279513362,3.6910674184653236,3.4429029905139874,73.58887983586362,91.45756339848583,1
ST0842,83.17686860083553,1,-0.03615627222880535,2.036311691021974,2.072467963250779,87.38386705622862,81.09394489502921,0
ST0843,58.90179834348757,2,-0.9403084210960209,1.8762972377169727,2.8166056588129935,62.78301962541393,91.8165273725165,1
ST0844,98.05351587347275,2,1.1841313662805968,3.8129972687132376,2.628865902432641,42.37089127741907,29.642234930303843,0
ST0845,57.43313638765565,5,-0.754391993961491,2.194635254109219,2.94902724807071,63.19225907199106,57.19379379898211,1
ST0846,70.73120618635119,0,-1.2260733672655177,2.466813883662468,3.6928872509279858,64.72448686979837,85.82249157340222,0
ST0847,54.26748340393219,3,0.7500455376860855,4.0,3.6693684752043265,70.81137259963918,20.003304472039805,1
ST0848,99.84371259229736,2,-0.9731533970065008,1.654536782555648,2.627690179562149,41.86287633878782,81.51959388645656,1
ST0849,75.10975051656213,5,-0.3843120013764718,1.1541036254603365,1.5384156268368083,99.44112109822474,26.46760450733825,1
ST0850,79.76925086600218,3,-1.415145215127061,1.150964299158697,2.566109514285758,50.868893352448914,82.7306879486789,1
ST0851,53.353823869421376,5,-1.0887961723786557,1.9266876711816954,3.015483843560351,47.90590622991104,65.08008438011814,1
ST0852,87.49802351995889,6,-0.9803891077202638,1.9140227900248907,2.8944118977451545,69.24218972563588,27.391239233638043,1
ST0853,60.49527965477929,3,-1.336769616749466,1.7915706477510476,3.1283402645005136,69.91853166066775,52.6018761399521,1
ST0854,94.90271447203568,5,0.4699708698685354,2.3551602010512442,1.8851893311827088,63.58834795916088,71.37146498146944,1
ST0855,60.25698202410036,2,1.0110233874093515,4.0,3.1163377469518316,85.17298951114154,67.04676107951882,0
ST0856,59.534386033183324,0,-0.3800537809021771,1.5765752659572534,1.9566290468594305,68.58253604735918,48.452247660853395,1
ST0857,51.827483392404744,6,1.1237294301546021,4.0,3.3763099517418724,74.63020458442398,90.94298760288342,1
ST0858,73.60334725549995,5,-0.8599602763196205,1.4877587568370796,2.3477190331567,82.04351505150606,56.73370730390599,1
ST0859,78.24205666313082,3,-0.5238287293162815,2.7509098541373525,3.274738583453634,36.62663160165133,55.52805686758195,1
ST0860,53.285431971417616,6,-1.0477890209064948,0.5718749763587729,1.6196639972652678,72.09187186542792,15.602553094730885,1
ST0861,88.77638083475053,3,0.36167758625699586,2.8813276502342795,2.5196500639772834,92.472640629844,92.99083508178734,0
ST0862,72.66444173740138,1,-0.24039122738907936,3.0221950782692524,3.2625863056583317,36.130268290153204,25.94049118105357,1
ST0863,76.219513466379,0,0.3398500405256959,2.407026331354431,2.067176290828735,61.33683674706247,57.55102240928988,1
ST0864,72.03813734691141,2,0.7850247161825505,4.0,3.4882176119930564,95.20478426337894,82.32108412602791,0
ST0865,70.0381530437663,2,0.1371090480988455,3.214058380861175,3.0769493327623296,57.955036148364954,29.3907949260079,1
ST0866,77.9820165654109,4,0.3828910647053636,3.3517954950798594,2.968904430374496,64.81737357301566,57.4635960973757,0
ST0867,57.76201229653562,5,1.305750943182999,3.6896230786938418,2.3838721355108428,98.80019054788033,31.661641830100677,1
ST0868,59.09640652476355,1,-0.6028070711734707,2.1033216047793233,2.706128675952794,47.956050831787294,78.37254980199206,1
ST0869,93.08928105067587,4,-0.4225081840981406,2.5708650683464924,2.993373252444633,39.241587293125384,60.790705108583566,1
ST0870,97.30577310668164,3,0.6531100851280107,3.334265369915237,2.681155284787226,90.86246840598479,87.03782743556292,0
ST0871,68.66546581398765,2,0.33391655116616015,3.5796998610175605,3.2457833098514004,91.45024717880395,90.51022025896445,0
ST0872,63.53723365717769,3,-0.9644012863808555,1.6198410463865436,2.584242332767399,65.68505925420087,68.38601342008582,1
ST0873,82.19997716195078,2,-0.37155806996852947,1.6341248843865466,2.005682954355076,68.42346634102361,75.285212154305,1
ST0874,70.43670855490481,3,-0.09648596062585524,1.9383484963767628,2.034834457002618,89.32741402515934,59.42980898981774,1
ST0875,51.26931778301724,5,-0.24183048609483193,1.2726789360125208,1.5145094221073527,83.00636737752669,44.59858597606446,1
ST0876,57.80762986830952,2,-0.9651755750338776,1.2872187138628033,2.252394288896681,52.2346851441057,68.33061307187512,1
ST0877,85.79861144236988,5,1.273290275352787,4.0,3.372294101196299,36.0980680796487,91.7459761138596,0
ST0878,82.94619709550757,1,0.7869562850819274,4.0,3.4854067720940236,66.18051056468047,47.50123423882942,0
ST0879,51.354799625174174,0,-0.05593250367644309,1.950236351562932,2.006168855239375,90.82930119621669,38.29690237364158,1
ST0880,61.098608096647474,4,0.5401830849205096,4.0,3.8976099921785194,93.22925398486055,44.95932446973167,0
ST0881,61.55373982940357,6,1.1918480164065652,3.947855000106882,2.756006983700317,97.15470280995001,49.18578671904397,1
ST0882,83.59463717993643,4,-1.0914775729152864,2.7009692996309704,3.7924468725462566,92.17161044483078,16.620492607994457,1
ST0883,50.98552688771821,3,-0.748880847879067,2.518032356775011,3.266913204654078,72.70283109437639,54.859765639149494,1
ST0884,55.205429099228695,5,0.1281037417699351,3.4341872993259677,3.3060835575560326,63.899363950346554,54.48828232450537,1
ST0885,89.99580426865947,2,0.8970311140570759,2.6096401673222536,1.7126090532651779,85.36524002471643,62.959944487647086,0
ST0886,58.927233102716684,2,-1.3912353136754179,0.6587425035669086,2.0499778172423264,83.08840623376378,42.653802742419835,1
ST0887,82.63730539259373,2,1.4520544505890816,2.974091533825263,1.5220370832361816,69.97932295529453,65.17968363600308,0
ST0888,61.90913905233633,4,-0.13528019135280855,3.155038909839035,3.2903191011918436,40.67627921630049,89.03946792467826,1
ST0889,54.97206963796726,3,-0.42230657813483097,1.9387891429364439,2.361095721071275,95.19528754114972,95.99238914456478,1
ST0890,62.1586095499727,5,-0.6218266864806844,2.8448046037101826,3.466631290190867,64.61416493760804,62.52509945269447,1
ST0891,86.11334659278296,2,-0.9769298770473851,1.3704106727951806,2.3473405498425657,58.61669582455718,13.833185857328179,1
ST0892,92.78482340531428,2,0.8747217267900838,4.0,3.5483343807471526,75.92188068597017,97.2312397540398,0
ST0893,91.51099322834958,3,1.3662424942382896,3.192988128609072,1.8267456343707824,78.7994674758535,73.52758548066306,0
ST0894,69.85917648092274,3,-0.2590657354638055,1.674367156429965,1.9334328918937704,48.69471460696959,40.23672836982869,1
ST0895,83.40425682853231,4,1.3572620842603689,3.70945343322021,2.352191348959841,89.40102491264716,23.244193086735102,0
ST0896,60.24921477079105,1,0.9713928463051023,3.4926113185107854,2.521218472205683,53.845911088054564,22.907675101264743,1
ST0897,64.65738651305067,0,-0.056846617571045144,2.3149104095364006,2.3717570271074457,47.134455184430585,25.096996552564246,1
ST0898,94.81679092605599,1,0.5220785373783983,3.931196118686448,3.40911758130805,61.415990435542334,14.101526945243828,0
ST0899,50.6500961755368,4,-0.19504746248861116,1.5473310190781757,1.7423784815667869,82.48640525833524,91.19387697876203,1
ST0900,54.2754265427234,3,0.1761702246376573,2.5542127737338776,2.3780425490962203,97.75478159858721,58.66914095446027,1
ST0901,60.394312757301364,4,-1.3258609889444886,2.2672390098441597,3.5930999987886483,87.60328218414315,72.99634714424535,1
ST0902,51.32661019369099,1,0.5887904259015992,2.255783119057029,1.66699269315543,96.12264454856246,84.52976583414767,0
ST0903,59.071771754489866,5,-1.3415260665475899,2.5143327026308038,3.8558587691783934,44.13937726497424,81.23869056998802,1
ST0904,79.15207804848461,3,0.9512548407589483,4.0,3.9657921056800323,39.62649192613899,89.43450613559574,0
ST0905,71.0712275296249,4,0.9748407883816723,2.6962612229443725,1.7214204345627002,71.25080952393363,97.05291602724567,0
ST0906,94.63358555384875,4,-0.7887681373313562,1.4394131683079863,2.2281813056393425,53.869336397862234,49.51635532677456,1
ST0907,90.87217808692205,4,-0.5290116568925992,1.9019900081957912,2.4310016650883903,88.82357324300273,95.53019200015515,1
ST0908,67.0908675848938,1,-0.05606886432512015,3.384909557306695,3.440978421631815,78.6792116411512,75.09609535085347,0
ST0909,62.971171671564626,4,0.28998872079744453,3.279805751089279,2.9898170302918343,98.09733065907665,16.360137127727064,1
ST0910,68.98462040836334,3,-0.6379390147740098,2.4729752364574087,3.1109142512314185,51.56150312253477,71.36048090911109,1
ST0911,79.51474712574039,2,0.2774592138957752,3.67123377094204,3.3937745570462647,66.57596743309011,71.80449936443637,0
ST0912,63.403182041143815,5,-0.6066387803121034,1.1883087182804608,1.7949474985925642,67.58063103264797,91.52745074132744,1
ST0913,81.2074453924567,4,-1.333527836786818,2.249495805488838,3.583023642275656,50.546491665729455,43.56389192230829,1
ST0914,70.47058260956203,3,-1.4924173505042733,1.771632159946087,3.26404951045036,73.3560709667205,62.6420350244636,1
ST0915,77.602359042599,4,-1.196546826244714,1.7468074867462118,2.943354312990926,63.81358909515057,11.096879591056826,1
ST0916,71.80632645676583,4,0.8767521004920544,4.0,3.7243383369576417,64.03690113934178,39.88677179632024,0
ST0917,64.72328797709588,3,1.3842939371500114,4.0,3.2507658847095176,58.577882118211434,15.601935354290283,0
ST0918,97.42266534810784,1,-0.21910140215634222,1.7851485044212212,2.0042499065775634,36.10040790765978,56.968567548840724,1
ST0919,88.18028970798804,2,0.038051860349828326,2.612415313038995,2.574363452689167,68.93619039946128,83.57028854562579,0
ST0920,57.00565878832263,0,-1.0594554927797217,1.6756516745596115,2.7351071673393332,56.79110932052153,28.579842291616206,1
ST0921,93.42339879489563,4,0.15309405804047094,1.791138124916485,1.6380440668760141,35.08579148398143,57.469694100200066,1
ST0922,74.37155991247567,1,-1.0660352939790694,2.82055848942107,3.8865937834001394,55.01634099802558,28.360777285969036,1
ST0923,94.72761134470457,5,0.3336429935964902,2.1550861455886863,1.821443151992196,53.1108416508342,20.86196210616164,1
ST0924,89.99276279736577,1,1.2997760027425613,4.0,3.243653168066817,60.57412995953633,55.98971127409082,0
ST0925,71.26067522346167,4,-0.9129043820908812,1.852673208136319,2.7655775902272004,43.5703793268208,17.123375885475486,1
ST0926,51.12346541600587,1,0.7936911541713059,2.3577717788823622,1.5640806247110564,67.99944860128049,62.861916802419046,1
ST0927,63.4338679692473,6,-1.4294927315450279,2.382375958115876,3.811868689660904,80.00862291367845,12.820371460905363,1
ST0928,77.08171073304334,4,-0.37350827603513714,3.256083746012196,3.629592022047333,75.96206198854722,19.604347468153797,1
ST0929,81.67391099130737,1,-1.1677544765084729,1.6428903432511162,2.810644819759589,87.2440715919974,59.4997736938622,1
ST0930,62.894384271660115,3,-0.4425736752129017,1.6297821651357112,2.072355840348613,64.38053871916027,63.226667160902245,1
ST0931,56.96780370364121,3,-0.9793892410833495,0.8246679856168863,1.8040572267002357,68.74096247208234,12.608823708438226,1
ST0932,91.74651183996495,4,-0.3800850296313376,2.028396168948979,2.4084811985803167,87.67612615583391,61.60391092014026,1
ST0933,99.22010903517761,2,-0.24743158167740908,1.891139120937817,2.138570702615226,62.800576103250506,85.46522727912733,1
ST0934,76.28450911513428,4,-0.5982266316572449,2.168501370858502,2.766728002515747,80.6039577434738,75.00845595645585,1
ST0935,58.583964292415175,3,0.4698658484193874,4.0,3.916023240308572,63.24915396666947,21.806659352871876,1
ST0936,63.61536632596845,3,1.256556153776729,4.0,2.9373837330741033,62.15285264325157,63.32271828072534,0
ST0937,50.919533827373336,2,-0.29821387768418295,3.426613762041062,3.7248276397252447,84.41336559439543,70.50272500667921,1
ST0938,95.71494032802495,4,-0.9229705305749357,2.2042265631645073,3.127197093739443,46.36439950530372,13.35080815770626,1
ST0939,55.88755414450706,3,-0.68783172541205,2.000284591055951,2.688116316468001,57.00808817620228,86.98129018152603,1
ST0940,78.82582377571268,1,1.062002470489107,4.0,3.636518906833428,49.57119798854862,91.56406575608472,0
ST0941,63.7027610343603,1,0.21491916981044357,2.8933394452429373,2.6784202754324937,58.342146292893815,86.54070460260327,0
ST0942,77.70890012578967,2,-0.1349669030791283,3.5366035231967743,3.6715704262759026,49.97436345379156,84.2168321190202,0
ST0943,82.57101941759322,2,-1.0510898354732199,1.1778520884661934,2.2289419239394133,72.66136602063256,77.0468678614804,1
ST0944,91.48709018536007,1,-0.15081807502865407,1.6712146093788163,1.8220326844074703,86.88110217015995,67.00888281537641,0
ST0945,60.32106358803016,6,-0.66452398992784,2.973762170979506,3.638286160907346,86.12984897916363,71.07643044894267,1
ST0946,50.549791432924025,2,1.3294893835600474,4.0,2.968537909481667,58.69256269567151,82.57557640014848,1
ST0947,56.844281503440364,5,1.152210328247194,4.0,3.7227309956224004,99.26942638312701,69.6248612525174,1
ST0948,95.00093209240526,7,-1.248292374515406,2.596275642965552,3.8445680174809578,73.60053370587704,39.495426101386386,1
ST0949,93.69450387812577,5,0.049960467783728646,1.6840314437123516,1.634070975928623,60.96101961558916,43.836499194521856,1
ST0950,79.87065510851542,4,-0.8248249634559838,1.9275982911911869,2.7524232546471707,89.31005315069265,90.7351721535063,1
ST0951,80.02584302168268,3,-0.2676687314271282,2.169742641259195,2.437411372686323,82.44181082177165,11.540987721744571,1
ST0952,83.25183372731277,4,1.1305439947543694,4.0,3.0646459926752927,83.70289689356679,72.89385231198538,0
ST0953,58.76856393117248,1,0.08254355966563454,3.566521552671443,3.4839779930058086,47.74905773270165,95.9299797182694,1
ST0954,95.72059729624799,2,-0.4973541198877205,1.704121420048202,2.2014755399359225,65.44107997895608,73.56053529621764,0
ST0955,70.93852624460365,4,-0.8763349376850088,2.0156610232479206,2.8919959609329293,91.01882850359918,99.45207894086039,1
ST0956,69.15692641247487,1,0.9009745782194676,4.0,3.271821449762249,67.76247049586922,71.87904149754976,0
ST0957,75.94588526414188,4,0.3735540460930413,2.2096317531823764,1.836077707089335,79.42442832236827,13.092672629517496,1
ST0958,52.348298338752755,6,-0.09580361872130627,3.4393636461568606,3.535167264878167,73.2156926472272,84.43088934822312,1
ST0959,58.31416843780397,3,-0.8475469384110659,2.167727061221367,3.0152739996324325,89.75319120169483,35.61669207453872,1
ST0960,86.90168082131852,1,-0.49726087752860604,3.3765827152555232,3.8738435927841293,53.49645458450417,50.14515030979968,0
ST0961,54.139933396256325,2,1.3795302802155556,3.728352578042289,2.3488222978267332,72.40589306261371,38.088272431637385,0
ST0962,80.1576054733194,4,0.06026981281750299,1.8306346686604997,1.7703648558429967,43.010253420637255,34.169869558871156,1
ST0963,62.26745548406605,3,-0.2979021562702413,2.468350846322072,2.7662530025923133,79.86370048546542,48.82651333028068,1
ST0964,69.46478070209884,1,0.06426612704497181,1.778793056318569,1.7145269292735972,82.57790949292628,44.087630359660636,1
ST0965,64.43468683853499,7,0.8369655176988262,4.0,3.923816308310017,37.784425877284896,67.00047236583305,1
ST0966,67.78363582324747,2,-0.4796731904913938,1.1170392051515852,1.596712395642979,78.92641263581902,83.18360808887596,1
ST0967,85.95229525921228,5,-0.9638816372021735,2.419878115566097,3.3837597527682703,61.95486002077611,36.73797878685167,1
ST0968,64.85608578115875,6,0.2548083550171434,3.0675643503727534,2.81275599535561,43.06629694712935,29.23490375398157,1
ST0969,78.32023201484486,1,0.49561231044320153,2.917163941688923,2.4215516312457215,62.29399060040039,70.0205743783308,0
ST0970,73.80252010995498,0,0.6381540088756488,2.3027594201472854,1.6646054112716366,47.62514043021281,70.32880592477035,1
ST0971,83.1835582681324,2,1.1459627722983887,4.0,3.055417310434019,62.011369588015576,91.10181153575546,0
ST0972,96.84148696623791,3,-0.3864776379326609,2.576573185544727,2.963050823477388,59.982036817304305,11.435111780797977,1
ST0973,86.62860486051252,5,-1.2739353113133247,0.9282728713556749,2.2022081826689996,82.99545640084374,86.77365959048589,1
ST0974,60.74701892953784,0,1.3750457508928267,4.0,3.7755542535257804,85.32401128081332,56.89019556535212,0
ST0975,51.55915675306424,0,-0.19496421768757433,2.065310800669518,2.2602750183570923,74.45686253499554,65.9171880254889,1
ST0976,63.113202214991254,3,0.36977252901939384,2.9940860554996593,2.6243135264802655,36.47464474185909,18.22342965052733,1
ST0977,79.75389653501274,4,0.4989159693848768,3.3583221091815156,2.859406139796639,95.51644813961461,48.93534395848411,0
ST0978,52.57129067421252,3,0.13954112610361058,1.890120821544326,1.7505796954407153,79.6051632062691,30.457216651467142,1
ST0979,74.81831236006181,4,-0.8842274107911897,2.946176887242891,3.8304042980340807,37.22270424487728,32.88025270742582,1
ST0980,79.84214244584446,3,0.7654291503484245,3.2017695314760273,2.4363403811276028,88.22413844891766,55.36856032084247,0
ST0981,66.71219454084805,5,0.911255922912245,2.6132039575981043,1.701948034685859,48.01730005666975,83.12103553628012,1
ST0982,88.54561018729109,6,0.15892675805231926,2.627154692240644,2.4682279341883246,72.64937732212195,76.94028371303705,1
ST0983,55.32991265668859,3,-0.034316518245475436,2.966189849485976,3.0005063677314516,65.33123404676216,63.18999631773585,1
ST0984,53.75688908679044,4,-1.158185450616044,1.6259462289372801,2.784131679553324,62.28952085307998,58.547637347812035,1
ST0985,86.40943781018017,1,-1.2481450155006484,1.9882099195925367,3.236354935093185,92.83139180808584,48.457543891104095,1
ST0986,74.77456581030992,3,-0.4813054633094138,1.1574043918603627,1.6387098551697765,63.42848395156996,97.54389762052477,1
ST0987,84.4201198213868,3,-0.5674615334478202,1.64388999223232,2.2113515256801404,39.8973676422548,60.417329881080995,1
ST0988,71.74136693018731,2,1.3609693528898137,4.0,3.5480764421002555,96.53151726897192,32.85697584809999,0
ST0989,62.32010166195534,4,0.8508682273302894,2.550602446808692,1.6997342194784022,94.83479003057579,30.708171283603562,1
ST0990,90.95511588371,3,0.4797728857771797,4.0,3.6387148867398937,79.48812482280391,65.02177276976276,0
ST0991,89.97079394844897,5,0.052944267052815075,1.7826844972455806,1.7297402301927656,65.41301432858162,57.05447745798359,1
ST0992,84.73482354272133,3,-0.997897407820046,2.588238129409195,3.5861355372292407,41.035865741328884,10.69280226592415,1
ST0993,63.607256861498136,3,1.4353700165528518,3.8373410192496684,2.4019710026968166,86.39862770753595,84.70588349762014,0
ST0994,79.51153334345435,2,-0.3748779052793698,2.6556447528636697,3.0305226581430396,39.90606443756188,73.37101188091913,1
ST0995,68.04869484700134,0,-1.1792231926582657,0.7029945964617297,1.8822177891199954,39.45906401818447,69.56463607102931,1
ST0996,54.579103666331704,4,-0.018603312852761622,1.6468184914601904,1.665421804312952,69.92994975855893,16.190259192789306,1
ST0997,95.86567877311214,3,1.1219940348392496,3.1618395448895873,2.0398455100503377,45.408335612001615,42.58502651552423,0
ST0998,56.84093154594807,2,1.1618730053319881,2.9815075501037267,1.8196345447717388,35.502467377122684,94.18440346595075,0
ST0999,97.51186769104012,4,-1.4671022518306582,0.8139124923684213,2.2810147441990796,62.5023730147261,87.63303172072274,1
ST1000,72.30028864789779,6,1.1588872342541992,3.9448453505317493,2.78595811627755,43.919120054654286,35.69886440825801,1
ST1001,59.25664644193098,4,-0.6855473475004245,2.2863513114120995,2.971898658912524,45.43350199324493,24.135299568922484,1
ST1002,77.0950473689179,4,-1.383082908094731,2.0915873603546262,3.474670268449357,39.99919151779675,50.41791614517194,1
ST1003,93.64729179382041,2,1.0433708110886233,4.0,3.1405997331208964,48.331093992034646,42.02473408008948,0
ST1004,86.61124432047805,1,1.0916002679646248,4.0,3.0218958128238826,81.50647168533531,71.40037390353919,0
ST1005,90.32805739307248,1,0.28869323952705006,2.8181483082414864,2.5294550687144364,87.58027496915645,96.97913290758876,0
ST1006,82.93916833553587,1,0.223301271889075,2.9078223592894217,2.6845210874003467,64.41468686190454,42.67013049843053,0
ST1007,84.61382822589263,4,0.9393608178642583,3.4756628913397107,2.5363020734754524,67.92599803229214,15.60017553870178,0
ST1008,92.45978257826596,3,0.8589286581308393,4.0,3.605415075153458,37.122577248623166,90.78526075081467,0
ST1009,62.483400442959294,4,1.1703164203281125,3.245317551699112,2.0750011313709997,39.5055569891356,13.415475721588372,1
ST1010,74.47124818215703,4,0.1582423427901105,1.672544671645022,1.5143023288549116,51.7419021672186,95.74893074379997,1
ST1011,61.06047209098011,2,1.4029412781984263,4.0,3.128299743065598,70.3533973463546,69.81214852081358,0
ST1012,99.38340039983234,6,1.4884404928000152,3.4945959518970935,2.0061554590970783,83.07082466777454,94.75202875977543,0
ST1013,97.20296698433066,3,-1.1503661700041024,2.574921670770421,3.725287840774523,74.32519898697214,27.969371798408044,1
ST1014,51.9713405684253,1,1.0486312786623664,4.0,3.6476158242666403,60.48831057414124,13.662981572842686,0
ST1015,85.27875862578442,3,-0.0005332267542330626,1.6912852030662817,1.6918184298205148,42.69106474520398,53.93889804488426,1
ST1016,96.26241587078329,2,-0.33730098510050377,1.4286700284346896,1.7659710135351934,85.75026026766731,50.55610731131127,0
ST1017,59.02876725636668,2,0.3392169296481451,3.077145910264811,2.737928980616666,58.64609335393871,39.83430459293946,1
ST1018,78.39726152763147,3,-1.332103328213979,1.6909533287094078,3.0230566569233868,82.84351094138133,96.18908269498277,1
ST1019,95.77441487940209,3,0.01938335630123955,2.2066542000068416,2.187270843705602,68.34362472443222,84.0325358945289,0
ST1020,51.69729892928994,3,1.1126717100799999,4.0,3.2919942917484266,83.01303348151865,69.54238192380339,0
ST1021,84.871013362342,3,-0.8596154515830936,2.1276746007140854,2.987290052297179,93.97382149441717,24.657246247404494,1
ST1022,64.86745036862754,6,-0.22083031569172462,2.091229958679662,2.3120602743713867,94.86691854349712,76.08910673966723,1
ST1023,96.21980976882652,6,1.3184426631446264,2.8818713832504157,1.563428720105789,69.78194070003923,75.43112092297515,1
ST1024,98.55291225826838,3,-0.21430848658290813,3.161067216663386,3.375375703246294,68.24804370976652,48.25613562544067,1
ST1025,97.2133244556717,3,-0.42489710300280503,1.6119870615599017,2.0368841645627067,52.26910025768442,93.23073187426122,1
ST1026,73.71071083287319,3,-0.17839005562986543,3.4077943030267055,3.586184358656571,95.82698904940395,25.02800940061094,0
ST1027,93.10213254946567,2,0.058358299552669024,2.6090839496883067,2.5507256501356377,64.76474586797536,34.06038061704979,1
ST1028,92.22746992675351,3,0.39597403239440654,3.33866763897382,2.9426936065794136,43.293430553679514,15.690190532557029,0
ST1029,65.95502366216279,3,0.9020784027501936,4.0,3.682371826022505,63.12581945072574,81.59058623598287,0
ST1030,91.44577370753387,3,-0.14369338270705723,3.5153641195928262,3.6590575022998832,43.25846126547026,65.95834474858574,0
ST1031,51.85038173577463,1,0.952442805270421,3.3812417433793542,2.428798938108933,67.66455947670988,38.34462751131245,1
ST1032,79.81349392410266,4,0.10116198405624188,2.12338421584335,2.022222231787108,71.4829084656538,24.743229723488383,1
ST1033,61.50044186438515,1,-0.48455846889606713,2.9533067254254193,3.4378651943214864,56.95412449708304,13.613299302586633,1
ST1034,56.02834428886394,4,0.47385248435824256,3.05655299336357,2.5827005090053277,39.657289925046506,25.007101176334295,1
ST1035,53.84766008146046,2,0.6531667642304742,2.633271748127984,1.9801049838975102,96.32772981616054,50.79561817038924,1
ST1036,84.81443879390699,2,0.17414692688846256,3.9352102826813384,3.7610633557928757,85.26795237642293,32.245927210954555,0
ST1037,66.9937481884033,5,-1.3301550805958298,0.6651054050068888,1.9952604856027185,89.52727023283286,33.30839596887701,1
ST1038,86.23833857643808,4,-0.9903513745175253,0.5741665459605524,1.5645179204780777,58.84644562860491,88.80187300009429,1
ST1039,53.26781703994712,1,-0.6441068373293154,0.9065930970892345,1.55069993441855,84.4540169512643,56.36239061149906,1
ST1040,65.76451689153052,1,-0.6521231821455207,2.40366520899014,3.0557883911356605,66.54923818599762,75.63267758155732,1
ST1041,76.97456461876686,5,0.5202624007406116,3.6744500525344375,3.154187651793826,48.07042674639298,13.213985412532878,1
ST1042,89.53615824194819,3,-1.4449540149791023,0.8326502476633577,2.27760426264246,43.08751949896886,42.86470201102259,1
ST1043,65.9376251466035,1,0.7670453311485597,3.067072804266218,2.3000274731176584,57.4283065059337,53.125241265589764,1
ST1044,81.29456882185045,1,-0.7039725755792005,1.6447622120706562,2.3487347876498568,43.94088724588408,26.777516968916622,1
ST1045,94.29888741180935,5,-0.5699344613516928,2.630461905545504,3.2003963668971966,99.88748345326447,20.81723873009848,1
ST1046,80.79315940911523,4,0.08372948383177281,1.7290639613988443,1.6453344775670715,38.19728436508144,88.32734006498583,1
ST1047,61.64797373768169,4,-0.8522231971831274,2.9705676845451867,3.8227908817283143,63.674333958989976,94.54884643898168,1
ST1048,51.220039077826904,1,1.1534139407265824,3.2097165511701986,2.056302610443616,64.38607895537497,17.09260282408667,1
ST1049,93.50494369504649,0,-1.2438936620203043,2.7552893510849263,3.9991830131052306,54.54107535780891,41.41168412881988,0
ST1050,51.063470542519354,4,-0.16685291309680528,1.7619538213711623,1.9288067344679676,72.13785177095144,96.24570653300263,1
ST1051,93.73508363420997,2,1.0482668083646698,4.0,3.4288661432809437,44.748506569850406,17.48455598192184,0
ST1052,76.4468567013606,4,0.3475316832637074,2.40606304558777,2.0585313623240626,85.95430473817018,67.92772355908536,1
ST1053,96.95338492564481,1,-0.6230114524720997,1.0791055516360353,1.702117004108135,56.609101686096494,97.4999233870305,1
ST1054,89.93916178868326,1,-0.23771937667061782,3.4496139342060044,3.687333310876622,73.43726833691171,98.04013017232371,0
ST1055,99.89670552666686,4,0.620083141027544,4.0,3.6468781479772296,81.51655034435237,52.41009978133689,0
ST1056,67.53559077258551,2,1.4197822300916982,3.9287082112157017,2.5089259811240034,92.78773764986047,24.647419700414254,0
ST1057,88.35941444655634,1,1.1794161551383002,4.0,3.255990356351067,89.32618336939301,28.187588347969495,0
ST1058,70.0965456804621,1,-0.47270157485286957,2.4199632568569234,2.892664831709793,74.54008682673137,90.06412556119551,1
ST1059,73.99378101519544,3,1.4945936378635727,4.0,3.632390284184372,60.24555672495265,92.05147038967624,0
ST1060,81.37527316091851,4,-1.4894860094068252,0.7981539138898108,2.287639923296636,67.70830355487266,64.70916794861992,1
ST1061,93.68385570931693,2,-1.4171107325747547,1.3920702674227083,2.809180999997463,84.96776156962217,78.95587595229202,1
ST1062,99.20417345996475,2,0.9715215455135815,3.6849524735249575,2.713430928011376,92.04046026636576,76.59381263233674,0
ST1063,88.41367069322591,4,-0.901611939500844,1.483152626141303,2.384764565642147,41.74582533148367,69.56394381901963,1
ST1064,70.8883391083667,3,-1.3176921948112774,2.410945466579653,3.7286376613909304,60.015657062048476,84.45492593847452,1
ST1065,71.06785011385351,1,-0.7885557802904933,1.1261390313658453,1.9146948116563387,85.44757889687753,71.68659607362889,1
ST1066,86.87911507944457,1,-0.22169953805741938,1.652072060744321,1.8737715988017403,63.05736456860747,58.06020751727494,1
ST1067,61.938857288415115,3,0.6916988113002143,3.6339726496070925,2.9422738383068783,56.594804664308455,31.32607263293411,1
ST1068,55.52370565656973,2,0.3730065796536164,3.5167421546159714,3.143735574962355,61.735975293512524,76.94993297067572,0
ST1069,67.73110788203883,3,-0.7871363473187387,1.1994117884926743,1.986548135811413,74.1849085411128,52.6094081054447,1
ST1070,64.36194958270409,2,0.009811344301753344,2.4866049499383136,2.4767936056365603,99.98733436869709,36.53125156067584,1
ST1071,64.81540602279951,6,1.2786423161957061,4.0,3.8664096074468595,67.04450789179457,82.17516481675978,1
ST1072,61.680387552495496,7,0.945023330951273,3.0615668876779583,2.1165435567266853,48.55214087202694,72.70422403177255,1
ST1073,52.104659481818096,4,-0.5304306455046198,2.6404711097888653,3.1709017552934853,45.58502739314116,94.360560681223,1
ST1074,50.89369673667069,2,1.4467936840670887,4.0,3.3503734842439767,37.75273358596693,24.889747601698996,1
ST1075,99.38611948680158,2,0.6258612013053928,3.2461829499682917,2.620321748662899,71.32312026969089,68.42703561728439,0
ST1076,71.38865668679311,0,-1.3126519329996547,2.5311630338993028,3.8438149668989574,70.39718594677421,31.98155212793584,1
ST1077,69.21633235798409,5,-1.394517860134084,1.9471239779128924,3.3416418380469763,48.340205240720096,91.32246867714775,1
ST1078,83.9823641346535,2,-0.9947761529699101,1.6500352966823346,2.6448114496522446,80.19641141941685,18.95494728309541,1
ST1079,60.912694393253204,4,0.6835676041504404,3.6069056085906754,2.923338004440235,83.17195770592926,69.05456258003895,1
ST1080,97.49805919751127,4,-0.9487832224727163,2.2827503860900356,3.231533608562752,51.84138334983723,81.19771493752269,1
ST1081,89.3172507207776,4,0.03446030762650043,3.014935758699546,2.980475451073046,57.36648466193287,41.94260563282364,0
ST1082,54.47055011561297,5,-1.220219639457505,2.4765243201076848,3.6967439595651896,99.38065870257168,95.87242714454283,1
ST1083,70.87903878924642,3,1.2626584734905855,3.6548801291915884,2.392221655701003,59.32719041029772,86.56576161274336,0
ST1084,93.95591537810824,3,-0.46811815924929734,1.7815961908902147,2.249714350139512,84.4521086641466,36.5156469716413,1
ST1085,97.2366011145705,5,1.2243961696818921,3.258993393420053,2.0345972237381607,64.42715273094609,10.67869834443988,1
ST1086,73.37007556249348,4,1.3346269257316328,2.929084345893121,1.5944574201614878,86.56741381096344,36.69914585062548,0
ST1087,80.67056946053539,3,-1.4816140580589576,0.1259208528911806,1.6075349109501382,84.98651052087212,35.31794234236683,1
ST1088,58.35169730460376,4,-0.1075944384038039,3.5675435443694035,3.675137982773207,78.40414163790481,90.09681467508182,1
ST1089,99.55843130684883,3,-1.4260318328793213,1.7699510331354469,3.195982866014768,90.56059250921265,97.04090604292728,1
ST1090,61.58358506917217,3,1.2260782989087176,4.0,3.1513310385912154,96.04920216704954,16.33959873732343,0
ST1091,97.13658870675629,4,0.055222634203727416,3.0918296815409425,3.036607047337215,72.69891582938546,52.416534567998504,0
ST1092,82.48233244961843,3,-1.2751679619045095,2.347879899830753,3.6230478617352624,50.435478969478474,59.349879867681615,1
ST1093,80.38683974394296,1,-1.1691698151702994,1.5314974989937693,2.7006673141640687,60.91088250686488,18.3620495196733,1
ST1094,75.63442555082543,3,-0.34947292652178286,3.326554144873968,3.676027071395751,84.28987137836407,43.97479382237703,0
ST1095,61.53349058588793,2,1.3207025786186684,3.719315144074266,2.398612565455598,77.30742653305151,38.53741756536556,0
ST1096,58.82640160027542,2,0.5787274547042425,4.0,3.8167687608477263,46.556892006741165,58.24507188943786,1
ST1097,61.02431045350877,4,1.1028565985673975,4.0,3.2466424502031,38.330570174517604,69.50718097587442,1
ST1098,59.32191310721272,4,-0.40063006098006104,1.7423127790810073,2.1429428400610684,79.39250358023422,73.31365994469098,1
ST1099,88.97922367833766,1,-1.370358901350005,1.539853402871558,2.910212304221563,51.32013656190745,22.307952125204878,1
ST1100,67.5062629583365,7,1.4229529116132422,4.0,2.8325764037206387,67.47856584238848,83.16529317501593,1
ST1101,52.89213382816982,3,-1.4484810280128912,0.3962660263129436,1.8447470543258349,83.53854021331863,71.0687826811683,1
ST1102,98.45513150704056,2,1.3429549592432668,4.0,2.9781072643765354,71.57334074266166,90.01674250720477,0
ST1103,94.18929424817128,6,-0.3939677284525658,1.892996330839829,2.2869640592923948,40.414667902266764,50.44024534918907,1
ST1104,96.38761415976064,0,-1.4697287849343554,0.1611431320896506,1.630871917024006,47.0627153909311,90.45007864499723,1
ST1105,99.74539113232177,6,0.5674716951735248,4.0,3.871640394266412,49.256331962009746,87.91967101204679,0
ST1106,58.69476246097437,3,1.4416209120940624,4.0,3.1037259226607192,51.76117648691492,49.45683991233427,1
ST1107,69.81210094513294,3,1.3968771685127774,4.0,3.6922973296771175,71.75122047678278,44.30289837636808,0
ST1108,87.91192378520456,5,-1.0171889663927447,2.172951046140388,3.1901400125331327,67.75777568865058,93.9530813473231,1
ST1109,84.8010309026896,5,-0.956256581801535,1.4362026485487474,2.3924592303502825,48.20540249367358,74.36482610845938,1
ST1110,57.69479531699275,2,0.19661674385898031,2.9783369246810087,2.7817201808220284,39.39106482461966,93.54208117942682,1
ST1111,90.79165624953089,4,0.4119144792849734,3.601281380152916,3.1893669008679426,46.143093290856676,81.72773010062318,1
ST1112,61.22202859183304,3,0.7182537409975969,4.0,3.900630813003594,98.98478532020921,64.83676953622728,0
ST1113,61.19088074113115,6,-0.9568489185835575,1.1773247292206834,2.134173647804241,65.4555517364457,20.426749930338808,1
ST1114,76.84872114467068,1,1.3770212602933034,4.0,3.687442646560294,91.3774578056373,36.23326053211886,0
ST1115,79.64699674208515,3,0.41621776886771356,4.0,3.8101945132356736,90.16891033347481,97.19581663885523,0
ST1116,79.00431039189056,5,1.0411407566116644,4.0,3.1760387866473914,68.24877123508679,38.7479888842784,1
ST1117,54.574341869887746,3,0.12019714585251551,3.94836371435586,3.8281665685033444,80.93470104993533,18.39293828068337,1
ST1118,93.87304313151901,2,-0.2571694572303522,2.2375270114630688,2.494696468693421,47.5288806768263,73.67980203273878,1
ST1119,63.2800021294353,0,1.4315487197849879,4.0,3.8825404401011068,79.74578582024904,76.06038290893159,0
ST1120,56.47574606414021,1,0.24636411245950818,3.5033213053744454,3.2569571929149372,52.70499765211382,35.69119482584357,1
ST1121,94.43740399344887,4,1.100620748397537,2.7056351669445666,1.6050144185470296,89.08403628901979,36.79047814116734,1
ST1122,97.78257491148767,6,1.35987718909887,4.0,3.767182079547632,40.44206865207914,52.20036869579055,0
ST1123,93.10638086327253,2,0.5260638810259777,3.2372459036089594,2.7111820225829817,85.25401373754303,11.961005478603,0
ST1124,90.4758037362439,4,0.14681603555602485,2.797633497500607,2.650817461944582,41.49589892696027,81.03907093250473,1
ST1125,82.7620990319511,1,-1.4894674472680483,1.4266990676810374,2.9161665149490856,92.27730039813008,38.53799085467131,1
ST1126,77.54286853045696,1,-1.379941077782982,0.49352028914508783,1.8734613669280697,54.77329367877524,86.83867918017798,1
ST1127,54.34933799557051,9,-0.897446351846651,1.7754687695718454,2.6729151214184963,77.53556871398736,82.23673794400304,1
ST1128,70.42266065353493,2,-0.9419747044320143,2.63584333736235,3.577818041794364,66.6876481103182,69.52618298069048,1
ST1129,68.6344258506157,2,-0.735723614400464,0.8029825334433243,1.5387061478437882,58.80970444205204,39.238738038935985,1
ST1130,62.98768918801631,3,-0.5851960869070175,1.597096813903911,2.1822929008109284,76.95371915692726,56.468490549505304,1
ST1131,86.17100568442925,4,-0.41980351934781535,1.0863329467617953,1.5061364661096106,96.58899373583047,50.03463318381631,1
ST1132,74.79378675393855,2,-0.2383869297933705,2.3008913430812505,2.539278272874621,37.68253357935042,40.49936976238068,1
ST1133,54.0523107953824,1,-1.203400984631956,2.117387791602381,3.3207887762343367,94.72543563240177,86.33226603728603,1
ST1134,61.009160097490565,2,-1.372914204141654,2.1240153686449172,3.4969295727865712,74.59030757636589,53.51563671198988,1
ST1135,84.16293818297979,1,0.5218333472190704,4.0,3.8629744028175166,87.4754295499884,84.94507880174318,0
ST1136,53.80654297451501,0,0.11200447452923301,3.1332660069561995,3.0212615324269665,59.95187197322804,19.469662672764187,1
ST1137,92.56034570243844,3,-0.1675673933396411,1.9689997732925975,2.1365671666322386,65.6697933644449,22.692230974030217,1
ST1138,74.75732635069872,2,0.403319823505057,4.0,3.8103698728417474,91.47529886707565,97.95882746016791,0
ST1139,74.0293288663324,6,0.9830382216106215,4.0,3.43828938470094,61.965118037638504,62.899161634548065,1
ST1140,79.62038923297588,2,-0.21692127265138605,2.719149934856475,2.936071207507861,69.75287183869052,55.87927061491441,1
ST1141,91.23404829625746,2,0.4233583951559381,3.662458934453278,3.2391005392973398,36.31267000048164,57.08404568297005,0
ST1142,67.39046039510966,2,1.3607166715054761,4.0,3.8107908875185728,45.30887037947275,29.374189662957384,1
ST1143,83.90080762795318,6,1.018873487584682,4.0,3.280985071182304,76.70962301836198,74.68335545517758,0
ST1144,78.28659819978955,1,-0.22199756849277152,2.1989387004690637,2.4209362689618352,81.60349856915201,17.630256135677893,1
ST1145,63.35141350847107,4,0.43415051344422895,3.716721019166971,3.2825705057227417,72.86906089099247,61.59913417927209,1
ST1146,93.9314993177579,4,-0.9687872342521807,0.6319081725862888,1.6006954068384696,44.3151523579147,61.36919169273113,1
ST1147,89.8713010803464,2,0.1815665546852696,2.6476054592617224,2.466038904576453,63.951352857559264,92.276958172016,0
ST1148,82.92259173292128,3,1.4439848734153284,3.9597924530292765,2.515807579613948,58.08115981360734,57.35645290943743,0
ST1149,92.52908645471209,0,0.05494534560756681,1.9720409316596534,1.9170955860520866,67.21798736228074,22.33564263767616,0
ST1150,93.36471004799012,3,1.2829148975704419,2.840628598949867,1.5577137013794253,91.57138724601613,61.54779333233463,0
ST1151,85.41814883575174,4,-0.277995238490218,1.555457853104139,1.833453091594357,85.43099351281236,18.219487992879912,1
ST1152,91.85066641818361,2,1.4965344815538937,4.0,3.136553739492638,40.45931759029533,28.341445176992952,0
ST1153,84.87357308346418,4,0.23766010568267348,3.743382146591892,3.5057220409092187,92.87009785534667,12.799772576867452,0
ST1154,84.00703858801502,0,-1.3731930172921962,2.597315714525239,3.9705087318174352,65.66486482473853,56.196422421354846,1
ST1155,80.93056891075922,2,0.26026439007416435,2.6261731478454,2.3659087577712357,83.3510394175899,17.607935376421512,1
ST1156,87.63583197788206,4,-0.6762819129612101,2.322166142691544,2.998448055652754,44.10255003218289,52.245494067819614,1
ST1157,57.93025526465368,4,-1.4025560338923158,2.440306383145489,3.842862417037805,78.59676917095813,93.96505317917297,1
ST1158,94.04353795994642,2,0.96255991408399,2.8801643674293715,1.9176044533453815,50.361191144614764,74.77852717173988,0
ST1159,93.5921763872616,3,-0.6728110890577322,2.6213028767991244,3.2941139658568566,63.49475831416055,16.967050680276373,1
ST1160,51.462364151727954,4,0.8896456621394955,4.0,3.387446832872908,36.09608655533679,30.178883098795886,1
ST1161,91.29083752823814,4,-0.6353472511323991,1.0870915885409467,1.7224388396733459,44.85469146548094,70.62961779040907,1
ST1162,56.44349337367226,3,-0.9170209383786772,2.7361025245789854,3.6531234629576628,40.98523205303528,90.52316749217653,1
ST1163,66.7559427129571,3,1.4218067223132822,4.0,3.5327626177771094,50.5833712409868,12.962672808755839,1
ST1164,87.1754128145804,3,-0.4150640167349413,1.1684434997086448,1.5835075164435861,41.501175851580946,83.12060185485346,1
ST1165,58.03799480241541,2,0.30412863432948134,2.0318396715296103,1.7277110372001288,79.97415173027153,60.56324923044778,1
ST1166,90.8983512059531,3,0.3299444784434147,1.9527617131730455,1.6228172347296308,36.88759364359926,59.148219276675334,1
ST1167,91.6067088978871,4,0.18142044652050537,2.5182792760189106,2.3368588294984054,75.15313254062487,96.20318644780221,0
ST1168,75.37338668804182,5,1.2440872305636441,4.0,2.7732224766998153,44.14600900366233,77.28801513370958,0
ST1169,50.31929358584168,5,0.5233232141006052,3.3541925339871774,2.830869319886572,96.4354947165633,86.51069812505007,1
ST1170,64.35190665874563,1,-0.28880098768520934,1.880365911738397,2.1691668994236064,95.65111475214053,41.85960125902,1
ST1171,80.84634591878711,5,1.087141153572822,4.0,3.7789922164006855,49.65770166386257,59.89276367455689,1
ST1172,99.05930890137117,4,-0.9568113026521068,1.4638456720276765,2.4206569746797832,74.93738438449691,65.38651096849937,1
ST1173,81.59067635083342,2,0.13271027283125236,1.7465856627446337,1.6138753899133813,36.820345765709796,38.94255463262186,1
ST1174,62.99017905320799,2,1.351651115831269,3.602218894684735,2.250567778853466,95.56625529832633,61.32233124526596,0
ST1175,81.70028515498056,1,0.3761928896412381,3.2039664460016266,2.8277735563603885,68.99417503246113,31.298984153174246,0
ST1176,76.99926898579278,3,0.9509053514246286,3.4714599078952086,2.52055455647058,37.80950484215563,22.90381039614156,1
ST1177,88.99226975755718,5,0.4606821766355784,2.6452884743837264,2.184606297748148,57.262499545528925,43.65732333495993,1
ST1178,55.34903194134792,1,1.0181125906136712,2.8464207150244647,1.8283081244107935,39.995215020980226,76.53606658717933,1
ST1179,88.05139512510141,2,1.333463639535731,4.0,3.5479112502405745,60.54138855926839,92.45684332664987,0
ST1180,77.06332893380551,3,-0.6812348174017896,3.30912828790869,3.9903631053104798,78.545212240486,51.19426463484093,1
ST1181,98.14960019294973,3,-0.9910167562298434,1.332838577579862,2.323855333809705,65.54284402269357,67.85413194478886,1
ST1182,67.0936083019343,3,-0.04802774900238038,2.4060248614391293,2.4540526104415097,59.941941356764545,19.273341787759044,1
ST1183,81.6310946566974,3,0.6055872804726476,3.6506810921650406,3.045093811692393,42.745207960130216,91.40173826970958,0
ST1184,96.60140527550087,5,-0.8184262404533517,2.477677446385502,3.2961036868388534,50.92103797008766,61.174379221294096,1
ST1185,55.12548639953396,4,-1.4876956487094988,0.9923781882994793,2.480073837008978,41.50931370299283,80.23044228626414,1
ST1186,96.86142436182256,3,-0.471194652489884,3.291129139964654,3.762323792454538,87.48741755768295,81.49970808292544,0
ST1187,84.39428611504067,5,1.4065780064033655,4.0,2.900009973072296,43.79058881900697,33.08324737312954,1
ST1188,53.39185295525859,4,0.5849023818175398,3.2108775728323673,2.6259751910148275,73.69926882567808,57.62570078636646,1
ST1189,65.04817834734081,1,-0.2960236681763282,2.8206582147234345,3.116681882899763,57.27812688327498,96.44317764048797,1
ST1190,85.40860443226407,3,-0.922271707959479,2.959737912663454,3.882009620622933,49.68859500258693,18.0671090338745,1
ST1191,53.36753007343859,3,-0.43173097873575905,3.0546497573185047,3.486380736054264,76.56544856698675,71.4744908226607,1
ST1192,79.10852300881366,1,-0.9904817000962561,0.6095511262415546,1.6000328263378107,64.70515010950115,96.60376702316547,1
ST1193,67.29415284764784,5,-1.1810825360611457,1.1496922407887533,2.330774776849899,61.009455373496344,37.051939724861995,1
ST1194,81.04577588837385,3,1.2202271177176618,3.8965888300957188,2.676361712378057,73.5353803179944,87.53031292639133,0
ST1195,52.28710169062564,2,1.4929510151264207,3.779244945649184,2.2862939305227634,66.93239585185005,94.02917908674445,0
ST1196,93.57684030761882,3,-1.007656681212629,2.242812220863512,3.2504689020761415,54.72647355585145,77.23775884553426,1
ST1197,98.67444845886985,3,-1.3364323233651607,2.229240551291292,3.5656728746564528,71.33898370474137,30.819548107626243,1
ST1198,98.44389276428458,3,-0.510806678561363,2.8175560594018156,3.328362737963179,78.51740747579515,40.060064694393446,1
ST1199,87.48259158714623,1,-0.11502245771575392,3.8583107593549344,3.9733332170706883,36.735055308145526,13.222836497595765,0
ST1200,56.5043120065316,5,-0.8855362587724366,1.2958328609601364,2.181369119732573,65.2816623789989,84.83079108208197,1
ST1201,87.91315979645113,1,-0.5957252646043246,3.0917484729567293,3.687473737561054,38.74941349793035,86.46500678599719,1
ST1202,51.229345822940076,4,-0.8973877929250269,2.519168870011188,3.416556662936215,47.11635191442722,66.94392789695735,1
ST1203,51.106177576449866,2,0.8227817052973538,3.228228599192719,2.4054468938953653,71.43306771506825,41.72750661374662,1
ST1204,66.18051095747705,3,0.6377338297417823,3.9730451888842038,3.3353113591424215,91.30227949226276,16.91299248759285,1
ST1205,74.43215952023328,4,0.40485454728294523,2.1650444383285627,1.7601898910456173,92.38236914725152,77.77518489234185,1
ST1206,88.52037089038966,3,-0.33834642876238563,3.1349872770889955,3.473333705851381,39.54636065901103,75.38735742489305,0
ST1207,84.16476883032526,8,1.2271228239427079,4.0,2.8308265064677567,62.24183060863593,92.1342269565011,0
ST1208,72.29513531883742,2,1.40859762460506,3.639323056378193,2.230725431773133,72.89542139529584,75.7478818904826,0
ST1209,63.68133331408329,2,-0.979082062123764,2.1603611923366866,3.1394432544604505,44.55954379577232,84.58254480196017,1
ST1210,99.85622500788556,1,-0.8309620757643659,2.2730879210216566,3.1040499967860224,84.75309408841017,77.13591561135996,0
ST1211,71.30906511179865,1,0.07689308400110884,2.100608640800108,2.023715556798999,83.37529179842052,66.76184694810848,1
ST1212,72.56935121648377,5,-1.2262482921532643,0.34974524487555114,1.5759935370288154,93.71716589094166,48.42697547719083,1
ST1213,58.181191059583455,2,-0.19065480353066144,2.393401663723523,2.5840564672541846,35.5515907854238,91.190557777805,1
ST1214,89.74047743749647,0,0.24537379433313045,3.1691534676941835,2.923779673361053,49.08447585928517,68.58717147167229,0
ST1215,84.68411128907442,2,0.0662207134119992,3.757733909338495,3.691513195926496,88.76713642594592,45.85197897693182,0
ST1216,61.03848063943802,5,-0.5072742507659218,3.3132677383530647,3.8205419891189862,78.5877033037508,17.51223656637615,1
ST1217,54.11905228079213,4,0.12733741823162048,2.949350463623537,2.822013045391916,93.1353404904019,36.163437031394395,1
ST1218,84.02496510373565,4,1.3764028627765432,4.0,3.384508709421362,38.71667754446732,58.93540613471483,0
ST1219,82.72556071405677,4,-0.8819477871258719,1.7163103936941204,2.5982581808199923,73.80265777156879,34.80718330145751,1
ST1220,63.662976349910466,4,0.464494075182011,3.8296994666142434,3.3652053914322324,71.98802736808882,29.91118131261119,1
ST1221,97.54317811252051,1,-1.3698099175318443,0.642193894816073,2.0120038123479174,37.31883706343461,57.46541626790625,1
ST1222,57.55289458904501,3,-1.300750786555695,1.1269110504531334,2.4276618370088285,68.37893499931143,25.283831130616115,1
ST1223,71.6167400521301,1,0.15548467267075505,3.241054669704792,3.085569997034037,74.61882023514508,82.03690569925931,0
ST1224,97.18079600837994,4,-1.1851824590161515,0.36021245500154553,1.545394914017697,47.43405632313697,53.59313362083922,1
ST1225,70.98636584630611,4,-1.432959634719428,1.873193641127957,3.306153275847385,52.76642290310309,61.647649656638514,1
ST1226,81.92629738320429,3,-0.9854610070559334,2.6033777461144836,3.588838753170417,76.62257750935291,23.26449408376137,1
ST1227,69.87971989813971,3,0.1945475129987233,2.692401665733602,2.4978541527348783,65.4395615939973,39.21187020664306,1
ST1228,63.7107601174335,3,0.6100228635567975,3.2298789064997084,2.619856042942911,90.77088774194124,46.90807149350376,1
ST1229,99.19888239799141,4,-0.89256430757586,2.7356412229654676,3.6282055305413277,57.254814790597244,82.73915474648527,1
ST1230,70.46670031575215,2,0.5047783116245235,3.9439148999396068,3.4391365883150833,52.332877795233074,79.31435707775373,0
ST1231,94.70496018395673,3,-0.952571006702312,1.2678027158811256,2.2203737225834375,99.01628612241478,30.067972730891324,1
ST1232,61.49773029455431,4,0.3403722798937714,2.650312546297619,2.3099402664038475,94.22382505845542,65.4561173446307,1
ST1233,60.655235201254165,5,-0.26412096031260335,2.9330746206638882,3.1971955809764916,36.88452842493369,31.911072199479783,1
ST1234,51.55670414422557,2,0.4613985280008501,3.369393759121253,2.907995231120403,85.09735999492679,98.94224401212207,0
ST1235,82.58334126879424,2,1.485158257437742,3.3907321851789844,1.9055739277412425,42.17176029863819,95.69114903177835,0
ST1236,68.42631718618806,1,1.3134508956976858,3.588275668770602,2.274824773072916,36.786537663909115,60.69382484685585,0
ST1237,93.21791249198185,2,-1.4871547264916891,2.2628034657049465,3.7499581921966354,52.790208537812674,72.90123147047287,1
ST1238,73.66049533457786,4,1.1563162930869173,4.0,3.2204360918056585,52.50748213897178,82.12873439877805,0
ST1239,98.40967139573608,2,-1.3005276144757003,2.6644081797380985,3.964935794213799,88.2557195525527,74.88985780404136,0
ST1240,59.27627578515606,2,1.359139758479535,4.0,3.4175313249519235,81.1933709862843,72.98458219741788,0
ST1241,93.43115839778054,4,-0.6545229627009459,3.2004131176580293,3.8549360803589754,98.80461277658094,96.26986071545753,1
ST1242,88.82984263958708,3,-0.35389550876618703,1.6865759259100015,2.0404714346761885,81.24833852026819,63.6810495676555,1
ST1243,88.5460922322026,4,-1.2250853844728165,2.203626802569498,3.428712187042314,62.18661096164311,67.26724046371501,1
ST1244,92.23916140584438,1,-1.1631817250132712,0.38736207535622236,1.5505438003694936,80.4302979614391,86.43418753943631,1
ST1245,88.05119954714993,3,0.6802216956879588,3.8571217499667934,3.1769000542788346,99.96483936711614,70.29017810725661,0
ST1246,81.31101608157077,6,1.3329967072448747,4.0,2.673205695300603,81.15922236656432,75.96393598157702,1
ST1247,56.56224388411938,3,0.3322454848629284,2.6991456646631,2.3669001798001714,84.50928813872068,31.07518175769782,1
ST1248,51.6263089745626,1,0.6475500465804331,4.0,3.6560108807327225,95.99372598736686,43.41402317035638,0
ST1249,96.04239239078434,3,0.7859092337914606,4.0,3.635669231643827,42.387331985259415,23.257121114070372,0
ST1250,80.8325157260369,6,-0.7115571763411749,0.8441970859054341,1.555754262246609,80.81097907410225,55.51888981013249,1
ST1251,89.82686454880881,4,-1.3643111072393552,1.659451698884222,3.0237628061235773,90.30238726788419,51.01546606122217,1
ST1252,74.0761175756275,4,-1.4943817682424942,0.9251987925598968,2.419580560802391,97.03460901435804,99.74465328515112,1
ST1253,55.86540944811972,1,-0.44805215113794405,2.091100352613179,2.539152503751123,48.71300383126046,65.00877875339881,1
ST1254,56.259289610127524,5,-0.7756073154023517,2.804494532644588,3.5801018480469398,67.75538550207588,80.7800340874981,1
ST1255,84.27826436144858,0,-1.3130468248524432,0.9615526039667524,2.2745994288191955,79.23606509689131,40.06132036818888,1
ST1256,71.51529474497313,5,-0.9614151225189997,2.8962069040750507,3.85762202659405,51.085402417586934,84.83907982085168,1
ST1257,60.02623633501683,2,-1.1265033051961566,0.8225812607341954,1.949084565930352,74.03073611126781,65.3576469838915,1
ST1258,74.57972733707184,0,1.244635141852111,4.0,3.1568060584204445,51.74262086236996,72.72930984385945,0
ST1259,53.21044685375671,3,-1.0791983596224932,2.1010643079119182,3.1802626675344117,56.67470633455707,36.498770015450894,1
ST1260,79.09857009571994,6,0.11294539196303743,2.243433295532833,2.1304879035697954,63.69871527320623,59.37745525260194,1
ST1261,63.449670221754886,3,0.27931786533649383,2.5911943877544985,2.3118765224180047,69.39735641852685,67.06332760722478,1
ST1262,89.87795503185941,2,0.13046837312590132,3.7174646045757522,3.586996231449851,64.2087816556348,63.018520823492295,0
ST1263,65.51809794617868,2,-1.2028306973520362,2.201682440035345,3.404513137387381,67.0577087862154,92.36743402821098,1
ST1264,72.76100745409006,2,-0.5436049147483464,1.7791347860385527,2.322739700786899,54.40826915873902,90.84453980432981,1
ST1265,50.58102699540503,3,-1.34618900261054,1.4887023647267945,2.8348913673373346,45.33273111147099,97.38856520891835,1
ST1266,53.62234438972794,7,-0.31299025771105193,1.3412104829216867,1.6542007406327386,38.07774852624456,70.06852054062904,1
ST1267,69.62467782033424,0,-0.934203206185224,1.087661499811349,2.021864705996573,47.7386169619584,97.47227171131162,1
ST1268,73.99694173585618,3,0.18489759985313947,2.899448997004137,2.7145513971509976,72.82633669787589,84.9230200028718,1
ST1269,80.00102740596519,3,0.5784251815473018,2.293359519745331,1.714934338198029,86.0975041072036,34.374892630596335,1
ST1270,64.58312893546517,4,0.09635958061411953,3.7046904678439634,3.608330887229844,46.00109383378815,48.46921025961674,1
ST1271,84.74909430632712,3,-0.19728991016581277,3.0977256151033066,3.2950155252691196,42.05609825522215,31.45531979701088,1
ST1272,93.00611985946023,3,-0.33799973742992284,3.521084439191314,3.859084176621237,83.70387343570127,10.377744474750868,0
ST1273,88.99254944466749,3,1.0250753042910112,4.0,3.2336672649100677,54.83529148492383,26.924387783221775,0
ST1274,51.980941267417855,3,-0.8418958048041898,3.009107625851274,3.8510034306554637,96.84746354977791,10.36545276581881,1
ST1275,74.02534736289145,7,0.7026550185866065,3.588936407814019,2.8862813892274124,81.43066808967424,74.78546152154411,1
ST1276,55.246508920908745,2,0.7724469742203572,3.7729935018752805,3.0005465276549232,56.239143070797006,48.29808679490796,1
ST1277,62.10225079312637,2,-0.24239997818779657,3.7000276583778557,3.942427636565652,53.82027860659082,38.13172543700725,1
ST1278,99.33312966335733,3,-0.608098202323082,2.497224664837569,3.105322867160651,69.04039510763508,78.55488019856692,0
ST1279,57.12477714507566,3,-0.08837554186207441,1.488590880289792,1.5769664221518664,40.144403438083614,84.92380971576806,1
ST1280,74.9444076725678,4,-1.2203582223219045,2.089148719254404,3.3095069415763083,42.64897332194443,97.77695847848919,1
ST1281,80.90778671590596,2,-1.36220990331273,2.401461827030809,3.763671730343539,46.43076228555251,67.7812226207717,1
ST1282,85.12324852720519,3,-1.1651904016443246,2.323760222841492,3.488950624485817,85.35703356479641,51.537606268604655,1
ST1283,77.98243417434571,3,-0.9385649056133215,2.021018275950235,2.9595831815635565,68.40072835249296,37.47378714466923,1
ST1284,50.48854237095918,3,0.012530461014129024,3.1907892437479197,3.1782587827337907,35.68686298033879,30.008638829280365,1
ST1285,66.3230654121996,2,1.0474099084833663,4.0,3.9754794731291794,78.77857428568709,29.16333554343411,0
ST1286,75.88558216923558,3,-0.793073004000939,0.9335822172724069,1.726655221273346,62.53986161293231,46.82704372478189,1
ST1287,54.39332495724167,1,1.305486032240334,4.0,3.168112071583099,68.20540372264686,99.26077197591368,0
ST1288,67.53134656045904,5,1.3647237268050105,3.573217963231495,2.2084942364264846,48.91755582184081,10.076832769366295,1
ST1289,51.66015543956833,4,1.3767138145356155,4.0,3.1002259914654253,70.86584484561673,27.74853075079007,1
ST1290,53.928924857751035,3,1.0126882040289713,4.0,3.019058939709847,98.64496058384677,26.955368416321644,1
ST1291,69.8461638100798,4,-0.4085248776068382,1.475117202663567,1.8836420802704053,39.773904915374494,74.54075369790631,1
ST1292,56.63578770215302,3,-1.281948266992131,0.7349183473584668,2.0168666143505978,53.45463097818799,41.723625483825565,1
ST1293,78.3770424130779,3,0.20645619529948478,3.2605301404075187,3.054073945108034,50.79484353595394,51.153472413263856,1
ST1294,84.47324845686329,4,0.17604433181170132,1.9966192000711367,1.8205748682594354,51.15570519882667,23.376171742291447,1
ST1295,90.02933495545415,3,1.0499273013287866,3.2128794891545938,2.162952187825807,59.615913241749524,46.4497334989253,0
ST1296,60.007512212240506,4,1.4879731528383155,4.0,3.588113869345006,88.1771360083709,19.287983071525247,0
ST1297,58.37412911295349,2,0.0244719196804426,2.342200684684539,2.3177287650040963,94.33581484768519,57.973895909972484,1
ST1298,55.228392016720015,5,-0.46438790688064735,2.25576248379351,2.7201503906741573,48.14398068483327,18.814452884457033,1
ST1299,81.82151247718184,4,-0.942294865331199,2.910555972533402,3.852850837864601,70.29174596662733,81.14575430558406,1
ST1300,85.32378632434506,2,-1.4856005255478877,0.5822721965444781,2.067872722092366,76.39843319075622,60.99415457864406,1
ST1301,51.5793072412821,3,0.027341077466637387,2.501406120861663,2.4740650433950258,68.91878583364992,75.15710863961652,1
ST1302,96.81061231218449,4,0.16655600010778726,3.182700438966651,3.016144438858864,63.21496562279977,47.66647479874155,0
ST1303,52.59856418257362,4,0.9748154394521924,4.0,3.3883473237599304,47.47840788085046,44.33421639180046,1
ST1304,77.06481676505352,4,0.013730903678401685,3.7678643704601646,3.754133466781763,66.7342583479505,18.838800014397727,1
ST1305,85.45302597254582,5,1.2494050459981696,4.0,3.788682468933788,61.07896380123638,57.14700463385404,0
ST1306,93.54845618730428,2,0.38425042971430656,3.825850615645864,3.4416001859315575,86.71161856264753,56.30519483713828,0
ST1307,85.70434660662139,3,1.0210087146632496,3.0918358061465256,2.070827091483276,84.6342833455947,52.129184000464484,0
ST1308,90.08640415348958,3,-1.0550947955767587,0.506928529529656,1.5620233251064146,43.7099142783686,76.64665282142043,1
ST1309,66.97250962714031,3,1.0660083909069442,3.5254432167960035,2.4594348258890593,40.75373841659939,84.92539600291191,1
ST1310,90.7412556873256,2,0.5254315633315452,2.3793036908011036,1.8538721274695584,94.0300063097877,77.57107074536573,0
ST1311,54.00574231923376,3,-0.9893009026850084,2.286668215910737,3.275969118595745,69.80804528269235,22.947916852615947,1
ST1312,94.74083280302638,2,-0.9307093255619674,2.222117141502325,3.1528264670642923,90.75706092336839,65.98535583538973,0
ST1313,77.37961880768681,6,1.2795018571326642,2.889430961186301,1.609929104053637,38.779822836816074,17.229079512058004,1
ST1314,90.86488849812469,4,-1.4033539186488815,2.1881305291784963,3.5914844478273777,69.22351507390596,72.51600586964288,1
ST1315,72.615914225915,2,-0.1123951701128818,2.0094629956150736,2.1218581657279554,70.06272344745537,44.3655186905014,1
ST1316,82.17888475982625,1,-0.5595741301976953,2.02099355852991,2.5805676887276054,90.94563211523975,21.924906063965793,1
ST1317,76.32013304680567,4,0.49523231999528416,3.66506665863464,3.169834338639356,41.34464988493099,87.5845771278515,1
ST1318,86.5794760877666,4,1.018888162706976,3.592435129837609,2.5735469671306332,50.6289616389341,65.26075051350436,0
ST1319,54.08149910152948,2,-0.4188656353302913,2.184353871669567,2.6032195069998583,61.42499040265585,41.92524711527747,1
ST1320,53.01760419952819,6,-0.21929373803148833,1.4447762503078625,1.6640699883393508,91.27969590229624,12.765446168544958,1
ST1321,62.355161700507324,3,1.4457533535042426,3.949362226654252,2.5036088731500095,96.02741547958686,58.35792331032495,0
ST1322,57.97723400565942,0,0.8517495290376083,4.0,3.4121197330499586,99.52710027358582,93.09032906376093,0
ST1323,93.58917832961009,3,1.1916123927953741,4.0,3.7879408429664942,97.3475766198039,63.674184943212914,0
ST1324,60.960699367902215,1,-0.1837133380451108,2.3500295046133184,2.5337428426584294,35.38621412988304,97.44855441575439,1
ST1325,98.79326279095656,2,-0.7977713880476544,1.7611931791500428,2.5589645671976973,38.10104219450168,22.28060064434127,1
ST1326,66.84478958855534,3,-0.26440960384064494,2.9921581619684856,3.2565677658091303,44.59444324524326,61.147459413535316,1
ST1327,59.10589578443496,2,0.6482757534945405,4.0,3.8569300027631916,57.676036290067756,81.83125432057865,0
ST1328,89.48492535712396,3,-1.171708785492062,0.9959435651063384,2.1676523505984004,88.94467201415232,57.298665801314456,1
ST1329,82.9353887750438,3,-0.6885926831504735,1.9117678331943688,2.600360516344842,93.02265269680623,18.195972038872533,1
ST1330,74.90978582265694,2,-1.3600922986152288,2.129840810265524,3.489933108880753,47.144236409147894,62.45974013924959,1
ST1331,77.76817754688156,5,-0.20295678498560532,2.821277138449491,3.024233923435096,75.27816985528106,65.05641152582245,1
ST1332,85.96008891361319,1,0.9823372079388397,2.7588030678487265,1.7764658599098868,94.62852902924297,75.58383236278173,0
ST1333,61.422737066564935,3,-1.4260089351059677,1.6433229037996964,3.069331838905664,65.14256283553586,78.50903636489265,1
ST1334,99.8166958028371,3,0.525970580421498,2.4928362919148155,1.9668657114933172,41.73033217693096,79.36954193895464,0
ST1335,98.73965810733915,3,1.297487623541219,4.0,2.7755398351960103,64.75788725550062,69.70999542750694,0
ST1336,82.51628431734684,4,-0.7892164154664532,2.033541753684643,2.822758169151096,59.42666864872372,29.423006777679234,1
ST1337,59.97712254645725,4,0.5809045221829443,4.0,3.690508405562462,72.54776974429046,46.38121802555314,0
ST1338,84.01141212156458,1,1.4253057033006011,4.0,2.6562356850310955,63.512814486461735,79.85169753529588,0
ST1339,53.60992044895879,4,1.3868341804573898,3.585440236047125,2.1986060555897353,36.12748524549167,95.80842850607318,1
ST1340,51.532625110290304,2,-0.7952124209125702,1.2822034496275088,2.077415870540079,99.60985267188862,17.10522683529598,1
ST1341,62.884144425560685,1,-1.199006840363794,2.4866228513470463,3.68562969171084,70.3301154524871,58.19830100174754,1
ST1342,73.13114783696582,3,-1.055152386312252,0.872374749733319,1.927527136045571,65.78599910649962,38.12700441918758,1
ST1343,93.41362527041903,4,0.6061070054464266,3.170778407654286,2.5646714022078596,97.05012914776351,30.28545048851468,0
ST1344,86.3584534883154,0,0.6772766263598267,2.645209413677194,1.9679327873173675,45.130923893160016,55.52296151677435,0
ST1345,87.13532605999904,4,0.5227096848845969,3.9559697851705353,3.4332601002859384,47.300444165441135,64.5480406500883,0
ST1346,71.27466672240377,3,-0.49176483677328564,2.194166763163262,2.6859315999365476,87.52095868908093,10.879500827753311,1
ST1347,67.29674962734815,4,-0.9906691807256336,1.3871900456663968,2.3778592263920304,51.95402020162557,80.21859149810719,1
ST1348,68.55193814923014,0,0.24228327585675924,2.6450323774229263,2.402749101566167,86.94976190894926,83.78939181335029,0
ST1349,99.3824781868029,2,-0.04895866272640048,3.5815768540810478,3.6305355168074485,52.649676389052665,96.89597421111397,0
ST1350,52.005459570624126,6,0.6865024413669101,3.5709373271030054,2.8844348857360953,37.157195964625096,26.257935990222546,1
ST1351,93.35157480612243,4,-0.1759197639431358,3.1187498638850233,3.294669627828159,68.60595705263654,63.50973061248532,0
ST1352,78.93377042861967,4,-0.484080915940595,3.2585153746861164,3.7425962906267114,47.78461821824599,48.39628361287551,1
ST1353,71.93077095947953,2,-0.6195642679229568,3.134789922178648,3.754354190101605,84.26000904061061,40.13450663998156,1
ST1354,86.26288302075682,1,-0.8655890398507604,1.4556835959938974,2.321272635844658,76.67797616008963,60.90701062937542,1
ST1355,74.33344707123514,2,-0.7027608714400158,3.1783672864259476,3.8811281578659633,95.03417341856465,80.41447839011953,0
ST1356,93.67116190408302,3,-1.215508683467696,0.34668102156881764,1.5621897050365137,85.89424322227283,12.07475051006891,1
ST1357,95.03509320056293,2,-0.4594289672133314,1.9826599353270826,2.442088902540414,46.750437064647244,97.2460101309568,1
ST1358,71.08604634367276,4,-1.3902905629111255,2.3492065808609786,3.739497143772104,87.01028538321177,82.88934271351397,1
ST1359,63.841389861752575,3,-0.9407584585010196,1.2458337410414377,2.1865921995424573,76.7129079129115,77.60383332810206,1
ST1360,79.61751642966811,3,0.7403113338582874,2.9230149596615833,2.182703625803296,78.48185671444062,78.43486439624532,0
ST1361,95.61816728083454,1,-0.523593033970132,1.7329626787345895,2.2565557127047216,89.09708758805967,45.01546386567873,0
ST1362,60.53310945028333,3,0.5047110509320314,3.535494513049337,3.0307834621173058,72.29856449728112,77.64584957603323,0
ST1363,81.14832917817414,4,0.6506525267918319,3.2464844658277165,2.5958319390358846,65.29022843294584,44.80931877426619,1
ST1364,81.57801100462603,3,0.2435560281963407,3.560393119079697,3.3168370908833564,76.38166729831732,90.88361466173137,0
ST1365,86.65565112076405,2,1.3760932240961954,4.0,3.7372766064116645,54.36723288229334,25.95001449758227,0
ST1366,56.57838425636299,2,-1.4356804001306602,1.749818037226491,3.1854984373571513,46.868813520661455,36.31126817936364,1
ST1367,85.79124823410443,4,0.7159579517644263,2.7271247522583653,2.011166800493939,75.07820947463102,59.62037884291685,0
ST1368,95.45162603328205,1,1.376359931821224,4.0,3.8317047559012556,50.20014399055605,38.728993229854524,0
ST1369,58.984155443512094,4,1.086815188058818,3.248047371427514,2.1612321833686963,40.19448210752944,48.181352076574605,1
ST1370,61.87716624619388,1,-0.99632192458496,0.8784138137354353,1.8747357383203953,35.036021998041505,54.31804204587352,1
ST1371,98.56975470208198,2,-0.5195390812448037,1.2053791159075984,1.7249181971524021,74.54076109100436,87.07180139321578,1
ST1372,59.04884763547449,1,-0.9826444803706038,1.92581487129481,2.908459351665414,58.53967092621539,57.087302824782356,1
ST1373,92.71925466847895,1,0.3039250914441123,2.088331247645742,1.7844061562016296,83.90021309377464,42.62138637531044,0
ST1374,74.61389282240174,2,0.6365639459384766,2.4835036562200536,1.846939710281577,59.38646589035166,32.29625476316042,1
ST1375,62.36155372015885,4,-0.5487786919108254,1.7012975095779161,2.2500762014887417,66.59022413548473,46.780838091297746,1
ST1376,93.53749506362557,3,0.1185197219528864,2.3226522461640458,2.2041325242111593,61.46052323300002,56.41624939729329,1
ST1377,72.26526275013327,4,0.5727617102135851,3.583360486043941,3.010598775830356,77.2873614221075,77.15033714829127,1
ST1378,75.74086769648451,2,-0.23598055016685482,3.305882648514849,3.5418631986817037,58.149045530972934,20.894389855510482,1
ST1379,67.96166846998828,3,1.0620465913663777,4.0,3.403374140507231,97.64489724625008,29.94482694152358,0
ST1380,79.64754257174637,5,0.8146498058634513,2.970860942654643,2.1562111367911916,95.84955412890446,44.16886142818059,1
ST1381,58.17619362925114,5,-1.306003368448288,0.8072728765166617,2.1132762449649496,90.12181367272328,42.43585646075631,1
ST1382,69.55407683258804,3,0.363375897272487,4.0,3.914478825267419,94.81951758722863,45.257327884469056,0
ST1383,98.47061611676438,4,-0.7940233471207512,0.726567256859149,1.5205906039799002,64.1940797498604,81.41691381762921,1
ST1384,62.90667163505638,4,0.17255479400182594,3.8718561266523652,3.6993013326505393,69.86797579131698,39.17389626659558,1
ST1385,82.8368332270646,3,1.370665327898899,3.3699866257049114,1.9993212978060124,83.2360185162859,55.17083623623982,0
ST1386,66.25950321123474,2,1.1371860136567502,4.0,3.8682108077244197,80.24948512100516,66.1516329572107,0
ST1387,88.67365628433004,3,-0.28645079065460477,2.0693174214141945,2.3557682120687993,92.89410871435561,30.89606951652446,0
ST1388,56.54368303591749,3,-0.6254584249669398,1.9754210097661908,2.6008794347331308,81.56151677168519,74.6825848432785,1
ST1389,98.49105225392724,5,-0.796782766775223,2.471018768085729,3.2678015348609524,99.86250603484993,59.24001877644529,1
ST1390,72.68947706918196,3,0.09754460926956021,3.066717237952711,2.969172628683151,57.65287698905342,50.21030467282402,1
ST1391,61.8025231673232,2,-1.157254640225831,1.1375936840412257,2.2948483242670568,89.14485324556216,82.88056240644825,1
ST1392,53.67483736650063,4,0.14782502438474587,3.0324023140543046,2.8845772896695587,80.34626348412317,31.91457332666638,1
ST1393,58.48789525437704,4,-1.495999081527624,1.8307681293795914,3.3267672109072155,79.94011893897621,89.48583735528909,1
ST1394,75.98869742780089,1,-0.5284511077624655,1.0773862569937647,1.6058373647562303,56.17931366492493,60.494386183003336,1
ST1395,66.85015882156432,5,-0.8401970585082562,0.6878012046310041,1.5279982631392603,86.06411650749646,64.82573914416923,1
ST1396,91.44416829413046,2,1.413656369882346,4.0,2.645167347682228,93.52444145259395,88.75530677520486,0
ST1397,71.5443761830903,1,0.681726958709937,2.5113185032187224,1.8295915445087854,49.20564999883659,83.58244190644024,0
ST1398,62.435713629381496,2,-0.4510398586132869,2.709820870048499,3.160860728661786,75.65729441258577,64.14058619397103,1
ST1399,80.8572493302015,5,-1.2214647404081385,0.813666400160447,2.0351311405685855,60.48876389168039,77.78689334633567,1
ST1400,85.33886084427229,4,0.05040178407187201,2.632529551061049,2.5821277669891773,99.320627754167,48.99875412096072,1
ST1401,58.35209539504749,5,-0.8596563560218731,1.1345209861637993,1.9941773421856723,66.1241330290593,59.26399781497717,1
ST1402,58.380960814415886,4,0.10928863769507347,2.9804976020678846,2.871208964372811,49.84081129680128,15.586312303766002,1
ST1403,51.83357134667715,1,1.0060870625366776,2.7962207109981,1.7901336484614223,59.820745639419115,18.087212620004216,1
ST1404,86.82010075328202,2,0.3473776563041562,1.9051447882728567,1.5577671319687005,77.4994953380807,84.64828637676989,0
ST1405,83.19022638109026,1,0.4013652586350065,2.029194353901749,1.627829095266743,39.945809137722456,15.3704490114247,1
ST1406,73.7315437874907,4,0.12309086718843432,4.0,3.885646103788275,74.23412481438044,25.245921306934655,0
ST1407,92.20852244845986,2,1.2817968978942273,3.137512444421567,1.8557155465273396,95.52960934662838,81.62493930553974,0
ST1408,90.28350764750266,2,1.29570805326181,4.0,3.271195632842088,90.27358119776028,10.103135556543066,0
ST1409,79.2677182198376,3,0.038169603220656434,1.707985113777722,1.6698155105570656,39.39877988276892,35.416389596127786,1
ST1410,93.41356402566294,4,-0.5827215385694867,1.1876793420184688,1.7704008805879554,99.57034211803943,62.56347920439596,1
ST1411,60.292060501838414,2,-0.12123898236166841,2.6509516461616682,2.7721906285233366,80.41725004075215,63.590493832236696,1
ST1412,55.5959809698864,3,-0.940326263413153,1.7218510619727065,2.6621773253858594,45.54825358041154,79.94376174065262,1
ST1413,63.48748057584948,4,0.4090329459542681,4.0,3.8789507735996738,35.807045796012524,55.53336290429534,1
ST1414,52.854342804465745,2,0.0002770073466997758,3.862365639898543,3.8620886325518433,46.133371358989834,55.846168257787326,1
ST1415,76.5584764000516,3,-1.1900985665601604,2.2589230397960023,3.4490216063561627,89.481434844573,75.27795179866304,1
ST1416,96.83028461474808,2,-0.907056656641154,2.0981979186772204,3.005254575318374,36.40655612143564,54.87620169396551,1
ST1417,51.967177033425486,5,-0.06110413140141957,2.5762966620811083,2.6374007934825277,50.15457473517563,64.76419779072552,1
ST1418,56.105495700501336,7,1.1627669721565752,3.553213307977628,2.3904463358210526,84.2248636967669,90.79966614295459,1
ST1419,72.60995141417176,4,0.19917216189329223,4.0,3.8677188674388887,73.09718483337878,46.130590685113475,0
ST1420,96.69375087639524,2,0.5446050006254124,3.5518770291871262,3.007272028561714,85.87782117341247,44.66125638273,0
ST1421,65.80780524883752,0,-0.48291435076827094,2.4647669684467153,2.947681319214986,83.49978274874121,10.319409267829418,1
ST1422,75.36174043441963,3,0.2142341791327027,2.2939869835549898,2.079752804422287,38.289090162917304,65.20836353691087,1
ST1423,52.0786429525196,3,-0.15786053208579776,1.4588840126269849,1.6167445447127826,93.01324224111985,12.679471666641877,1
ST1424,57.41716004810444,2,0.477389737869482,4.0,3.862971449398861,49.75706922834746,55.373364075548466,0
ST1425,99.33150614794235,1,-1.348273301762969,0.936064845348666,2.284338147111635,70.97050861493464,82.3810410129004,0
ST1426,98.25593482180227,7,-0.02009935128312268,2.586373207028024,2.6064725583111468,76.87873017430562,59.492896346769676,1
ST1427,50.24699904672048,4,-0.6120221245680991,1.174577734396168,1.786599858964267,45.9608337075312,34.26725486950084,1
ST1428,97.59058927116195,7,-0.5214448161662723,3.070866008606958,3.59231082477323,98.45503168556334,80.75515793044342,1
ST1429,81.95599689077503,4,1.3827522946741841,2.9518318768140106,1.5690795821398265,66.73013714567509,34.2745303674285,1
ST1430,93.39591472600111,2,-0.9519155618658517,2.6330613433818897,3.5849769052477414,38.746775213830574,75.97286028513088,1
ST1431,72.73699278169295,2,-0.5662642422642092,1.2844482897057077,1.850712531969917,95.92203291055962,64.92326096712081,1
ST1432,75.77980142896251,4,0.02967772719261541,3.7460880087704957,3.7164102815778803,73.10740980756242,25.299666707320107,0
ST1433,74.44232901284602,2,1.0890808444488709,4.0,3.3244315933403934,80.44755786878946,91.46204873597671,0
ST1434,83.34321287730522,5,-0.24998975038088878,1.6616859058873739,1.9116756562682626,69.13642634572457,28.057931466147615,1
ST1435,56.98256273781564,4,0.7315958426645133,3.6461408248131835,2.91454498214867,89.25796706050289,99.06283667266028,1
ST1436,51.4986794936339,0,1.0691222946444072,3.350763080532456,2.2816407858880488,37.15367504255871,10.657943978944669,1
ST1437,65.39649707955954,0,-0.5699509325344532,1.3756318147445055,1.9455827472789586,52.44459374301461,33.71350394286127,1
ST1438,85.23403813683234,4,-0.3217494493838702,3.326206049143901,3.647955498527771,65.527143166175,27.987426754677898,1
ST1439,60.09267260614742,2,-0.4303313289349311,2.0784755873331426,2.5088069162680737,39.979235060391154,11.259406915341636,1
ST1440,83.67162166624587,2,0.9985674258537633,3.49492671176722,2.4963592859134565,80.88393350623278,75.9131110132584,0
ST1441,98.49560230536352,5,-1.3669594141391965,0.5577572728773534,1.92471668701655,60.58812191361665,72.40832218896367,1
ST1442,54.69503578947092,3,-0.5747367335139599,1.8829274567004868,2.4576641902144467,52.72341936742936,81.31158679194374,1
ST1443,83.63010591125632,4,0.5382256727853898,4.0,3.6790421158221256,35.219625042546795,33.102869181810874,1
ST1444,72.18751096522855,0,0.19633049869602814,2.604152274920118,2.4078217762240897,81.78897026374699,49.99016503746729,0
ST1445,93.40711271887527,2,-0.19113192211891716,3.6878769841305528,3.87900890624947,89.19760507673601,69.32021694593928,0
ST1446,58.857489472369295,3,0.11984468166415319,3.985616929685122,3.865772248020969,60.677634819297396,49.57916534993292,1
ST1447,84.63129761130823,3,-0.9072462425150452,0.9550004057533199,1.862246648268365,71.67416850716876,72.75931932861242,1
ST1448,91.90576448240552,2,-0.20785013517596873,1.7354279986306436,1.9432781338066123,49.7996306854239,67.0576067596398,1
ST1449,97.23071097370116,3,0.005108952529047084,3.66179412835877,3.6566851758297227,75.44284700820864,20.318302271995883,0
ST1450,84.16240141448229,2,1.203567365863805,3.685469663175603,2.481902297311798,35.788934790488035,80.29388089692712,0
ST1451,74.85873820042136,2,-0.717494511588071,0.7934404441194524,1.5109349557075233,66.7618533114193,74.86087231832664,1
ST1452,80.8923620100607,4,1.1034855064947977,3.2881650557582254,2.1846795492634277,76.873356319645,69.02509488556647,0
ST1453,93.44524922393592,4,0.43272420247794585,3.4267966854668455,2.9940724829888996,94.68246525993271,23.95842456439021,0
ST1454,78.53048733194149,1,-1.438977506797197,2.0591874081027233,3.4981649148999203,59.78682811294848,34.11968039158273,1
ST1455,51.519352984841845,4,0.6738940106981808,2.5073655534313297,1.833471542733149,84.73736319376694,45.38593284288404,1
ST1456,96.54743477534889,1,-1.3933443673528347,0.3830090436890037,1.7763534110418384,73.84965694632754,35.19366594907991,1
ST1457,84.47633755157806,5,1.4921433804414392,4.0,3.805231633930829,95.25578734013024,30.502926160851832,0
ST1458,83.82566928886233,1,1.1179100630735936,4.0,3.3778709195564565,60.89454891786299,82.48219031455982,0
ST1459,60.78375761988586,4,-0.607968757379863,2.366480244565333,2.974449001945196,55.74119709174422,67.44090217241822,1
ST1460,82.94427351163286,3,-0.7277663094098837,2.6952006655799363,3.42296697498982,92.66422991511934,60.89249183952253,1
ST1461,69.69322028270793,2,-0.3556767536831733,2.2164591495834225,2.572135903266596,38.20088609153879,30.33574397679285,1
ST1462,82.5616488520746,2,-0.4314991040566709,2.9646402642161456,3.3961393682728165,43.86505054068899,92.62689060417772,1
ST1463,55.32965151539953,1,-0.38298654484385697,2.0465209333424825,2.4295074781863395,40.35628824796289,27.206473518758465,1
ST1464,82.89226523015179,2,-0.5451703616415587,1.5650660695899474,2.110236431231506,89.80214717746617,81.54558395422094,1
ST1465,99.97068628853333,1,0.3634002205449942,3.685933773777416,3.3225335532324216,35.68948251907076,97.00054000347637,0
ST1466,52.4106019430278,3,-1.007209008838128,1.5419717215550426,2.5491807303931706,91.00771510730813,75.43834563018125,1
ST1467,98.85870921106587,1,1.0379438773380394,4.0,3.953442760815487,64.33240669913235,99.35728976661667,0
ST1468,70.34539803614354,1,0.9372074520939462,3.3109204078641987,2.3737129557702525,35.2616431255081,68.5946005280152,1
ST1469,93.53767251686295,2,-0.0705503764341886,3.733768174893476,3.8043185513276647,61.10693651878272,29.571430924350548,0
ST1470,89.11927420291367,5,1.0581898958356426,4.0,3.8324063714176986,47.14205466792731,28.34375443448602,1
ST1471,78.3508130493334,6,-0.7585647899091201,1.3460675777527453,2.1046323676618655,75.5860316856906,39.21078558299287,1
ST1472,86.92246046256633,2,-1.447303632888099,2.0482493210819346,3.4955529539700336,79.15832134490702,10.641701819890546,1
ST1473,93.92577806506739,3,0.3576237750894691,2.9403100379508817,2.582686262861413,66.68929207632499,71.35286230745511,0
ST1474,70.20701608255165,5,-0.12627177910585385,3.6675400389700163,3.79381181807587,37.63376915357855,34.18010061650448,1
ST1475,66.35165807816193,5,0.20149363888761185,2.8268043204757087,2.625310681588097,77.64837228386813,83.36649090634775,1
ST1476,83.37966927817924,0,1.198018227055209,4.0,3.360759293343415,89.73252093435889,42.32553855033702,0
ST1477,90.39229709706294,3,1.4097767206978302,4.0,2.667418522909495,81.8210780262161,53.196084411698145,0
ST1478,88.11425673883079,3,0.40335941926680907,2.472861308548949,2.06950188928214,88.9472647320957,96.91200249043324,0
ST1479,89.89068244293173,1,0.7921667695573151,2.790542091919031,1.9983753223617158,48.03311903080768,31.795491074254937,0
ST1480,71.77916574064665,1,-1.2485746995385072,1.3150032861023568,2.563577985640864,92.77771607767137,74.91286876867656,1
ST1481,90.89171080875107,0,-1.0178532453254832,2.3708833972100543,3.3887366425355374,55.942574292117584,77.96060103748755,0
ST1482,56.01045276853042,3,0.6996144148589298,3.712293127810847,3.0126787129519172,35.87131292637942,29.889834177127163,1
ST1483,77.22445489804248,2,-0.20590363083599428,3.015669593915364,3.221573224751358,89.82045701138959,55.089715295097605,0
ST1484,50.28793302490608,1,-0.1621041887867829,2.0437116880430732,2.205815876829856,96.21838248270723,41.518173278167154,1
ST1485,66.22929149501351,6,-0.5741769550936902,2.1294114098003236,2.7035883648940136,77.61128283212767,79.47156190600802,1
ST1486,68.32307674356989,0,0.32206915043323137,1.933057312856549,1.6109881624233175,50.043380980122606,66.02349871261336,1
ST1487,69.80863458046277,1,-0.9445048637513922,2.5993261761439097,3.5438310398953017,51.363390178364476,52.838474937449234,1
ST1488,84.7733603344931,3,0.3807488379416868,4.0,3.9747304055996864,65.32853677331526,80.14269385429465,0
ST1489,69.42790506351729,2,-0.978603428594281,1.5385942279673963,2.5171976565616774,93.35902017409227,31.164001300757533,1
ST1490,72.43468113112652,2,-1.308521895870859,0.21888723695799928,1.5274091328288584,44.72384764959129,77.82596925259232,1
ST1491,61.87720654371637,6,-0.508926933902817,1.4155546649745516,1.9244815988773685,88.68828852292665,87.88368808835419,1
ST1492,68.662589581467,3,-0.806578973970457,2.3247382204055898,3.131317194376047,53.93468256583478,89.07594371268152,1
ST1493,61.363481363157575,1,1.1669749156689972,4.0,3.0301982955096483,87.55810101289137,80.53062337176435,0
ST1494,53.659796188422185,3,-1.33513963839412,2.1345221605697398,3.46966179896386,94.8176278441,46.721275029844186,1
ST1495,80.17242966906889,4,-0.9701589222776315,1.164551105125039,2.1347100274026705,62.78710167963081,98.36272204460442,1
ST1496,83.41063992775082,0,0.14615881674914832,3.5552386056169833,3.4090797888678352,58.728292516859504,44.16342794401959,0
ST1497,80.97451730048073,2,-0.05679842745757924,3.163161626351595,3.2199600538091744,87.14438573313461,67.47628591921831,0
ST1498,73.17470219002863,1,-1.3624439448758954,0.9445922994087128,2.307036244284608,69.4163873546606,24.49667602625218,1
ST1499,68.98928900896149,3,-1.4782427159545666,1.3854776541878384,2.863720370142405,79.48918815010782,98.24040087727535,1
ST1500,93.16668247859127,5,1.4642038258834496,3.3323883471292666,1.8681845212458168,75.48390040247668,73.35873296781969,0
ST1501,75.9540892568109,4,0.47650410107651453,3.107915359665471,2.6314112585889564,44.93777496691176,77.80397907217315,0
ST1502,73.95909388148655,2,-0.4037816072953295,3.2992117415937727,3.7029933488891023,89.91137341882151,15.919903307003015,1
ST1503,51.282103290321785,3,-0.08870325701027593,2.464275192553201,2.552978449563477,47.72538224185385,78.70760327986046,1
ST1504,67.06239138130782,3,-0.7003496386371392,2.8985671275514155,3.598916766188555,95.59833936460075,79.72510862985412,1
ST1505,69.00978093929285,5,-0.4653786489203706,2.5102547642288653,2.975633413149236,51.28713394243961,70.45954537260069,1
ST1506,69.94113904484502,1,0.447133401804642,2.426825184560534,1.979691782755892,82.70226326279322,36.271865241130925,1
ST1507,79.00861846136661,4,1.1484353966021121,4.0,2.952765611744741,53.502600577083484,54.07210379447934,1
ST1508,76.68012733634393,0,-0.9476099307564454,1.817348392136213,2.7649583228926584,55.65605155814615,19.939093417784484,1
ST1509,80.39525463967223,2,1.0210845161559563,3.5176878541469163,2.49660333799096,55.150120430849846,52.44283598132373,0
ST1510,88.2441630771064,2,-1.1353301114451928,0.6637459873449831,1.799076098790176,83.61299651169541,31.944146734036437,1
ST1511,90.64928693580467,1,-0.8550233292348264,1.6867483303832482,2.5417716596180746,71.19298266801056,41.41872878446738,1
ST1512,85.90615381132471,4,-1.388474135851062,0.2934318047480058,1.6819059405990677,92.39190963008731,24.634036756332875,1
ST1513,97.77618479774674,5,-1.0775644137210016,0.6693582147758765,1.7469226284968782,54.97922674826292,30.704893097220733,1
ST1514,50.91162913381808,2,1.2519094363921517,3.7917007687239415,2.5397913323317898,79.97951393368838,16.89117776381046,1
ST1515,59.788899284177305,4,-0.12168376014486437,2.141769944776295,2.2634537049211594,83.9416589781022,92.79112297932292,1
ST1516,50.37814374890711,4,-1.2670024146649395,2.546858399990619,3.8138608146555586,44.84633734694728,57.7369619177863,1
ST1517,82.37373570773015,2,1.379180514116884,3.8184450275675603,2.4392645134506763,61.03830822578772,45.70677741364657,0
ST1518,94.90152744749935,2,1.1369769232759506,4.0,3.3946453051802505,66.38313713277672,58.15262914919055,0
ST1519,62.174114828814965,3,0.7640475626044236,3.5896663785200302,2.8256188159156066,58.119680343134334,66.54639056333974,0
ST1520,96.35172723981533,3,1.3004183758426735,4.0,3.2602141716058384,55.93731873799398,92.96909140324142,0
ST1521,53.01336951447804,3,-0.8396117374927076,1.3106782200457907,2.150289957538498,79.61729310984673,26.0823657057682,1
ST1522,96.72180134027572,4,1.009107879030259,4.0,3.8547624320958227,49.03131584786676,36.599724877169585,0
ST1523,67.58113436198173,5,0.5699735890629185,3.395194831348978,2.8252212422860596,81.11039844132337,97.82104027097033,1
ST1524,55.07104142246082,4,1.109277748703065,4.0,3.5783101782131244,95.77787276539749,43.407368798367195,1
ST1525,74.29358795931628,4,0.8907346972278893,3.303348930918173,2.4126142336902836,71.73783887655382,12.030548568159487,1
ST1526,62.8388283860254,2,-0.46051481046952514,1.290013562156786,1.7505283726263112,74.74322538806581,23.287914337344294,1
ST1527,64.24364509809614,2,0.8231956110517666,4.0,3.184279119302122,39.48062563806579,12.370483157369682,1
ST1528,65.36449824631433,5,-0.7126310910453291,0.8067680297982323,1.5193991208435613,91.19099873515884,99.09308281786556,1
ST1529,90.15129489163317,2,-0.5142235109158355,2.1740089304979353,2.6882324414137706,53.55410616799126,35.098376409210076,1
ST1530,76.95806383376272,1,-1.1762828483310717,0.8057219083350764,1.982004756666148,74.97832575935672,93.11884812426034,1
ST1531,65.56538495780018,2,1.3052298479414062,4.0,3.068438761088405,98.64229103341215,99.62976481837443,0
ST1532,80.51668916554593,4,-0.6269899097991554,3.3215597730454753,3.9485496828446305,73.7076690372325,63.98570990288028,1
ST1533,85.80753371115968,2,0.06186739551435538,2.7228746613159704,2.661007265801615,82.10611668518455,12.987668355900558,0
ST1534,63.63120003667669,4,-0.3260014906014219,3.2177441507127447,3.5437456413141666,63.945775184543876,17.343246734823428,1
ST1535,70.67745507626758,1,1.3797843617505046,4.0,2.7694604673778027,38.92377982847873,53.343014959708995,0
ST1536,56.09430466684738,3,-0.49485248718455277,2.244747590575507,2.73960007776006,86.84395771683626,46.555481162033736,1
ST1537,59.05746747673402,5,0.8356374642680668,4.0,3.8260587329469447,37.27492468215907,64.55595752035909,1
ST1538,84.05589269824914,4,1.0662484638935403,4.0,3.7249146718667037,80.54275887771053,49.49630287402275,0
ST1539,59.071917384781344,1,-0.19318050755710225,3.2713206554128336,3.464501162969936,36.4899022547264,94.0669164344336,1
ST1540,76.258169183353,2,-0.3654845566412064,1.8751548266507538,2.24063938329196,91.04984037748359,58.126574387215996,1
ST1541,85.45231308612163,2,0.7432374627978842,3.6057585021077356,2.8625210393098515,45.24634232914374,72.43534553161979,0
ST1542,55.34384615473719,7,1.2386879409187022,3.2984310241829147,2.0597430832642125,68.42764720376582,90.68367453782469,1
ST1543,78.36561098144517,2,0.7647951992167146,3.374586944333064,2.6097917451163495,73.81479579140458,23.218468824988662,0
ST1544,62.82813918506819,3,-0.8186209032244032,1.8919117611750733,2.7105326643994765,64.74045147927178,30.67611887066757,1
ST1545,98.146343761879,3,1.1649232423131162,4.0,3.5791001004233274,57.14962680767767,19.658679442661356,0
ST1546,74.17728233599624,6,-0.33725499768950074,3.4028159156229822,3.7400709133124828,65.40792925176316,22.567455930692105,1
ST1547,90.2996274887579,2,0.2286882353338029,2.7652383913249974,2.5365501559911947,55.242024002275315,56.13255702408098,0
ST1548,77.51132710781309,2,0.9943068578781329,2.5385679705612256,1.544261112683093,63.47795256025611,38.90613330707176,1
ST1549,52.170626642740956,2,-0.9348156977985234,2.7196189016748633,3.6544345994733867,58.329344414872,48.08555555740794,1
ST1550,81.65756877970111,1,0.8535304070326593,2.789227103286061,1.9356966962534017,71.80331352796443,98.42408486146556,0
ST1551,97.57016711033285,3,0.2884883937320324,3.343193303458016,3.0547049097259835,50.46507054592392,24.10339130163533,1
ST1552,80.08059100731656,5,1.1800249254828246,2.7424521765681527,1.562427251085328,99.26267606941082,58.673086371826805,0
ST1553,90.95944297133951,4,-0.9840887944693711,1.5146773936820397,2.4987661881514107,67.55654696984075,18.898403954828588,1
ST1554,94.2103231674204,4,-0.23795328887721467,3.72694746641116,3.9649007552883746,47.62053503194313,38.66466819374908,1
ST1555,61.40398859744663,3,0.9985292786005124,2.75026328136002,1.7517340027595076,66.00933872187271,57.47733313071387,1
ST1556,60.60224199541133,2,-1.4423048896297195,1.1169279903693863,2.5592328799991058,91.31698341911357,95.1968571368804,1
ST1557,80.54904944254959,4,-1.1633958997030716,1.104478975771809,2.2678748754748805,36.417441553085716,45.21053991551347,1
ST1558,70.55142349033524,3,1.4716956382702042,4.0,3.762720308470661,79.17101774197377,15.841602659320284,0
ST1559,91.99306514333603,3,-0.6588174642289484,3.0145328055394396,3.6733502697683877,70.61790679160532,44.93453031642852,1
ST1560,95.00115616990055,1,1.4266295811718601,3.520876481937432,2.094246900765572,46.02126963405881,23.116705828657995,0
ST1561,67.6710689651359,4,-0.9524053469739783,0.7505641206520995,1.7029694676260778,88.13596855481984,30.699065196230077,1
ST1562,61.8435279487241,3,-0.41671667097799325,2.6511293141748005,3.0678459851527937,58.977500454310366,65.62815608484914,1
ST1563,89.0262757621931,1,0.7586083335107121,3.0995301132199864,2.3409217797092743,54.09713187300798,16.068147958331352,0
ST1564,63.740301777406806,1,0.47333522171453546,3.6535461982296926,3.1802109765151574,88.82813747069856,51.82513806250336,0
ST1565,91.13071592568392,1,0.2433671997871667,1.8236665899567028,1.5802993901695361,76.5041280024582,64.8515427409688,0
ST1566,71.18691268243813,2,0.08969752741502268,1.9231956153587462,1.8334980879437235,93.38684043886359,47.96725531307472,1
ST1567,83.37749496457351,3,1.0303213309942207,4.0,3.2159305819316084,75.94244073862797,11.721371556135733,0
ST1568,54.77676569173341,3,-0.7951543114998219,1.2357723267564225,2.0309266382562443,83.15314776558749,98.69674212125788,1
ST1569,81.19296623382866,3,-0.17258721901944485,3.471381970386559,3.643969189406004,89.36898325687483,43.040419060648176,0
ST1570,72.58838393686145,1,-1.033643123530628,0.6128340957447105,1.6464772192753385,38.5580763341459,80.07194682399403,1
ST1571,79.3304231587737,3,0.28782478719211313,2.3265297441560495,2.0387049569639366,85.44318232650971,39.30818429687079,1
ST1572,58.40071038724317,2,-0.7483667271860395,3.248033894026632,3.9964006212126715,74.89092132022249,52.751508129407696,1
ST1573,86.8436872472091,1,-0.49847380696984267,2.0842164494971387,2.5826902564669814,39.518006773487556,44.96172783498969,1
ST1574,93.13985387716143,1,-0.0862478501294155,3.1711663087321935,3.257414158861609,68.05756492146648,40.8285306558647,0
ST1575,60.836990004538784,1,-1.4196882428906163,0.5369693792519179,1.9566576221425342,40.359775068957006,11.966623948700088,1
ST1576,54.78572777600809,4,-1.224186192237487,1.8004856452263576,3.0246718374638446,82.83656811200945,42.40188440690532,1
ST1577,51.18192930231682,3,0.5577876621246589,3.873052833048205,3.315265170923546,70.52261140336239,90.0540991359577,1
ST1578,82.0985750221633,2,-0.21309005784747814,2.073101531818798,2.2861915896662763,96.98227993179933,72.13540047343153,0
ST1579,80.35470180443903,2,1.0943706659996861,4.0,3.5722427799396943,46.903799152165035,23.088057318589584,0
ST1580,77.33487063570351,3,0.5840160109325985,3.592559957113307,3.0085439461807084,74.39217441382459,63.203950416046524,0
ST1581,61.59735480579877,2,-1.4756971750580328,0.9971103489795428,2.4728075240375755,48.75283874708194,90.30077739539844,1
ST1582,69.54529979527574,4,0.3501369923014046,3.2442429756593008,2.894105983357896,74.9142240072809,73.00306368683698,1
ST1583,79.72381675930865,2,-1.2188254018208506,1.72307671676896,2.9419021185898107,81.97223065345567,23.381595312102704,1
ST1584,74.83834294295846,3,0.8427995393714829,2.756637771106148,1.913838231734665,81.94978140642002,88.1049247061047,0
ST1585,99.38927601074437,5,1.4745230648355059,3.9813539895029213,2.5068309246674154,87.97980939436965,37.13896119599788,0
ST1586,56.821987627836656,5,0.09359638272453452,2.452172852773267,2.3585764700487326,90.48076481729058,50.86685298811076,1
ST1587,84.75722770237968,2,0.5483385005823909,3.050595307030206,2.5022568064478152,40.02266220736651,57.352848372023175,1
ST1588,70.21593840521462,1,-0.7880575173157454,2.614718953897399,3.4027764712131447,57.312365209706265,86.54559439403758,1
ST1589,71.40998074628074,1,-0.1872067687386192,2.5191392499280623,2.7063460186666815,79.66296382338737,93.8446745632895,0
ST1590,85.87988828290881,4,1.0682859967091511,4.0,3.8507903830981607,67.4081086804288,93.66875900115005,0
ST1591,84.62180756621848,1,-0.9977311567612464,1.236459876634844,2.2341910333960904,47.39393653906144,10.715876315068657,1
ST1592,99.56279968510941,4,-0.7033931831587137,1.8358657625536088,2.5392589457123225,70.92612206083537,92.96996370269115,1
ST1593,56.41971447270626,1,-0.16369897414190948,3.303693052055694,3.4673920261976034,61.48331742979934,14.89482694014151,1
ST1594,55.20548246920832,5,0.6367466755320419,3.5018081588339176,2.8650614833018757,60.35248804752983,33.91962911356919,1
ST1595,86.21694085643705,1,-0.3723481356129785,2.4952222304481406,2.8675703660611194,87.63399163331815,56.34890692550496,1
ST1596,78.91934585032045,1,1.2831968393490119,2.9165472468619704,1.6333504075129588,61.493891699091776,53.19331201039546,0
ST1597,63.70803332799029,2,-1.2166288461938426,1.279870310602297,2.4964991567961397,36.71954285622757,64.42388144986528,1
ST1598,53.97096844944933,4,-0.3875874073654575,1.7892469236888735,2.176834331054331,38.77411702792093,53.15016058633052,1
ST1599,54.282912479821526,0,0.6268623702852656,4.0,3.9983378070777884,90.65586270995531,94.09381116763787,0
ST1600,94.70954373320592,4,-0.8220397030155226,1.4488479735652529,2.2708876765807755,97.43905265081389,31.64939633931283,1
ST1601,59.59336623593715,0,0.469239402689019,4.0,3.7112413369846586,79.74660686962099,34.66222246346372,0
ST1602,66.16857810577604,1,-1.0073491253179623,2.1832352122832313,3.1905843376011935,58.683939116505215,92.86641421237506,1
ST1603,61.3328201113494,3,-1.3320591454149409,1.020231877565285,2.352291022980226,96.00902052665728,16.90655623707306,1
ST1604,67.74981529159686,1,-1.1369528497540533,1.721883096181256,2.858835945935309,78.08220061442283,64.8604739714329,1
ST1605,53.47119213730467,4,1.2899543494024042,4.0,3.6013396998729843,89.88168069795695,71.35623568590498,0
ST1606,75.95298954541352,3,0.15525264881865386,3.8636733938959336,3.7084207450772797,84.78039976240561,55.498755108676555,0
ST1607,53.380628179610746,2,0.8890373264389471,2.79002201395431,1.900984687515363,59.644055525218505,72.48086909408235,1
ST1608,90.01782539111808,4,-0.5020364972848463,1.8468963557355778,2.348932853020424,66.11564305530106,25.54791814107703,1
ST1609,61.685604095521654,7,0.2779759436563398,2.6160338941902688,2.338057950533929,47.09859003392647,86.73690094943859,1
ST1610,77.00059573022553,4,-0.015143598885025256,1.5899683913048364,1.6051119901898616,53.98091652864771,22.602312052289705,1
ST1611,94.0039543780729,4,1.337213878206882,4.0,2.9955943996297414,85.57816798362391,46.073119988417474,0
ST1612,82.5438684523597,3,0.7427239081623309,4.0,3.63705013248047,93.10859547240204,16.773184117738523,0
ST1613,76.64788932756676,3,0.6916278944897369,3.1455638640535315,2.4539359695637946,82.08992751134177,59.06899709356601,0
ST1614,66.21668765576878,2,-1.3609401916971615,1.9891496707632808,3.3500898624604423,65.2362902826815,70.27712266830753,1
ST1615,66.6500956529099,2,0.14900900701107322,3.2182600410129227,3.0692510340018497,40.62310248108359,94.70994715857616,1
ST1616,83.4743477599095,3,-0.09902563829455557,2.3400962004379466,2.439121838732502,38.701616665399136,76.54025763064007,1
ST1617,99.70696806105838,3,1.2835267998185835,3.1361762985493264,1.8526494987307427,59.3311616998355,58.6992624808736,0
ST1618,83.09195949246893,2,-0.7279740354314033,2.545335596508515,3.2733096319399184,65.14841171989809,93.93553154533004,1
ST1619,77.88917086850125,3,-0.690499640126717,2.945913282226384,3.636412922353101,74.5928404438643,53.05931542367889,1
ST1620,86.5325255119623,3,-0.2659612533554987,2.948674977648231,3.2146362310037295,35.42181889015482,60.508508778898246,1
ST1621,73.26028061418592,3,-0.7698908597808719,0.7748053503061733,1.5446962100870452,99.33198788030991,63.64886749030862,1
ST1622,53.00711713003926,4,-1.1124482465737515,0.9281339894037266,2.040582235977478,58.65602742126279,46.898175329791016,1
ST1623,78.1148407938955,3,1.0722445399524023,2.7459445021612323,1.6736999622088298,90.1261531470729,85.46344215092417,0
ST1624,97.881264225269,8,0.17482957321174752,3.1007948221523147,2.925965248940567,69.77283586825129,26.66583449605532,1
ST1625,58.76514711788298,3,1.0840881568697003,4.0,3.391194197101031,43.47856454466752,59.935797133444716,1
ST1626,84.50024454103328,2,0.9934042962110876,2.7698522638827363,1.7764479676716487,86.84176091474393,75.00099305684746,0
ST1627,60.04668443295282,4,-0.6538729356309867,2.9419716158524762,3.595844551483463,81.13875986979195,91.35785546889194,1
ST1628,76.79138422365406,0,0.14321233297282188,3.03198477896153,2.888772445988708,69.28334552039982,89.55265567908505,0
ST1629,54.83382248233598,4,-1.2503468917797886,1.9745756385745237,3.2249225303543123,68.44595093669571,55.786626048712776,1
ST1630,72.51854681290925,2,1.2457556520922752,4.0,3.9285046215216157,40.686174373810324,67.88453060470076,0
ST1631,87.8081664447623,1,-0.2872118548045406,1.4219906158147027,1.7092024706192432,77.63018165730182,45.48139625163709,1
ST1632,67.37857621194911,2,-0.318971448332936,3.4340886091115372,3.7530600574444732,94.23093512402949,52.135998659218025,1
ST1633,83.24558622436089,1,-0.5917338881461404,1.2235228518223829,1.8152567399685233,41.06091974938829,91.56392133157446,1
ST1634,89.77249803948646,1,-0.11800876586788855,2.3643882507238168,2.4823970165917055,52.12824429217882,93.76335938732267,0
ST1635,96.35889097397263,4,-0.7447218403636559,2.88387490046413,3.6285967408277857,93.65001827373642,90.58726522603178,0
ST1636,61.73210409277267,3,-0.37544318160958623,3.3901924102350844,3.7656355918446707,53.48235413828657,22.45337756322744,1
ST1637,69.9657957904654,2,0.8998411457546456,3.665770329617509,2.7659291838628635,77.50633869169522,86.50756191975726,0
ST1638,57.62080066652087,3,1.0027665107555155,3.9880281064440783,2.985261595688563,69.76318072130437,95.35273579193323,0
ST1639,99.62417510791876,3,-0.5874525671144516,2.682915769381941,3.270368336496393,73.76129432525104,42.51247251162442,0
ST1640,96.35004839621476,3,-0.09295670834163627,3.488939962790149,3.5818966711317852,62.02627860252146,56.67816604795023,0
ST1641,76.99785651402797,5,1.1214593288401566,2.925237252684322,1.8037779238441654,54.499445585991225,80.11857302316963,1
ST1642,92.10166471882107,4,-1.3419800045109085,2.1831932660621605,3.525173270573069,38.154674297428485,60.58703238090838,1
ST1643,76.04789886360211,1,1.1674348859873565,3.8706252622663984,2.703190376279042,83.37826105412067,99.41351695356245,0
ST1644,81.17928440013799,2,-0.8424469630430049,1.7841115997274175,2.6265585627704224,83.49607504262474,51.01420286411455,1
ST1645,54.456221605800835,3,0.5356177326431277,3.0953671126356235,2.5597493799924957,78.59717310511701,74.25484400866398,1
ST1646,87.7635210248404,3,0.24765508915380074,3.020684052268907,2.7730289631151064,76.83619622777533,81.33320261768898,0
ST1647,56.38567418176174,5,0.1588222445677563,4.0,3.862626383486509,50.8416135908892,54.469037418259546,1
ST1648,91.30338151262642,2,1.078080674258464,3.948590106238843,2.870509431980379,36.45242069480893,87.12854251402382,0
ST1649,89.1014043835193,3,-1.1952835690660162,2.6876602765918323,3.8829438456578482,87.56650079755357,59.15391320864768,1
ST1650,85.43723488714882,4,-0.458915924023092,1.4918094025160094,1.9507253265391014,66.92400482022875,47.048571712146824,1
ST1651,51.80801902623811,2,0.11475823903429694,3.42509818611588,3.310339947081583,54.9444784956702,19.70413064667523,1
ST1652,65.15641779726643,2,0.9338665618381192,4.0,3.530598846521868,41.625573940737056,45.40722187153818,1
ST1653,63.155628495542146,1,-0.8506707497649855,2.3471513285721697,3.197822078337155,39.07690340859025,76.05428092599557,1
ST1654,68.00682037357595,3,0.9087895241228288,3.92609522468918,3.017305700566351,57.67633691668652,92.91577705120966,0
ST1655,54.382137338191924,4,-0.3010845525181929,2.610947400197263,2.9120319527154557,87.30790920985113,32.651146347427925,1
ST1656,96.84789115155314,6,-0.9332584306989138,2.7190677757478263,3.65232620644674,94.71704370669897,41.97119655974524,1
ST1657,77.69011203561881,2,0.7769593213304478,4.0,3.55411649291125,93.28883869984921,23.85648946939836,0
ST1658,65.27621553290118,5,-1.2273032955763565,0.5784185073751422,1.8057218029514988,94.80005425872757,72.1650604806072,1
ST1659,69.84907585371417,4,0.04430212222632868,3.665771264803524,3.621469142577195,94.00214730340727,96.41695870089328,0
ST1660,72.36012702524178,7,-1.3083726484143348,1.2267989001867712,2.535171548601106,69.26960885402573,67.68569978633579,1
ST1661,80.02971666803086,4,-0.4307464345266374,1.7034956404628896,2.134242074989527,49.26201650619875,65.53688770056037,1
ST1662,75.7839713848249,3,0.3032303970191781,3.9776518170539927,3.6744214200348146,86.87302788439332,59.81409374503905,0
ST1663,95.96959866072086,2,0.1683466244616394,2.7484086235459935,2.580061999084354,48.89134336541763,17.961016661698288,1
ST1664,74.84817414529151,5,-0.2860337462860003,3.234877979156041,3.5209117254420415,52.36847298917699,75.65534437864453,1
ST1665,99.60790074116564,6,-0.21285601808365295,1.9456530118059583,2.1585090298896112,50.16153091846565,64.18445891944157,1
ST1666,92.57124788725478,2,-0.8196913399477004,0.6901319636078442,1.5098233035555446,68.47385624022738,69.53290919706583,1
ST1667,60.42552571786679,2,-0.1323522347276913,2.6062957475296695,2.738647982257361,55.91878803099019,90.89299837246794,1
ST1668,96.52976073219581,2,1.359764567162503,3.1103352087697136,1.7505706416072107,45.020143225647196,80.55647083549161,0
ST1669,55.818319894273806,1,1.051358753351371,4.0,3.385939888812274,64.45627177310236,80.28237269390735,0
ST1670,90.87248542455958,4,-1.0643013927709686,1.1258864474025576,2.190187840173526,91.80397052103585,93.44653919914128,1
ST1671,69.03116467382901,5,-1.4106576380372373,1.1984564784714595,2.609114116508697,72.0859355717482,99.09414563166996,1
ST1672,93.89871602225347,5,1.3005729381498918,3.0181568508787775,1.7175839127288857,92.09181438269316,62.31544587649537,0
ST1673,93.40283450537251,5,0.08024924964224289,2.296897370760375,2.2166481211181317,47.73169203014393,19.799345442804917,1
ST1674,90.29627000588106,3,0.11351346944792318,3.567239077594353,3.45372560814643,45.85330178871601,51.32169169978928,0
ST1675,89.50152181535307,5,0.8421539871195671,2.721123766875366,1.8789697797557987,72.41251317039732,80.884103181548,0
ST1676,65.23395695490204,3,-0.5559330783860204,2.561965824431373,3.1178989028173936,65.11637860050774,12.495279228566428,1
ST1677,54.04596415256261,0,-0.054277293491993506,3.7392873385192598,3.793564632011253,77.91122170705219,15.119869452053416,1
ST1678,70.14900893825808,2,1.4059887394402129,4.0,3.1995918993943007,86.6507414167408,16.04420041445392,0
ST1679,58.67622574932543,2,0.5164460607972217,4.0,3.527554223230567,83.83497421739148,75.79321824954798,0
ST1680,84.74755444512309,3,-1.038764904012642,0.7336641692471475,1.7724290732597896,96.24697628780646,55.104996570685486,1
ST1681,67.30498632688928,3,-1.10031975604694,1.0265098089581959,2.126829565005136,60.88666659520575,43.200814916853425,1
ST1682,98.78051004299574,4,-0.8872057250009838,2.8491414056004936,3.7363471306014775,48.41513824613175,19.50553407355624,1
ST1683,82.04860386726659,4,0.8001350232621527,4.0,3.2877640340452228,70.80932159661258,75.90162251853002,0
ST1684,91.12402818171805,3,-0.6138689884781519,2.485015577465126,3.098884565943278,42.198302812427066,38.89178294958097,1
ST1685,56.62623363709242,2,-1.4358334599747606,1.7235833803294893,3.15941684030425,53.775323016556044,33.87916630582005,1
ST1686,93.10072411363113,2,1.3325230905169856,3.868024476278594,2.5355013857616084,48.51272359210439,68.70872813981958,0
ST1687,96.13785952566971,4,-0.990859750815268,0.6205318282288651,1.611391579044133,60.77664159181026,60.31098033371576,1
ST1688,74.35309594094679,3,-1.4713254415557944,1.989778413621028,3.4611038551768223,42.229077375144,42.61695776319715,1
ST1689,80.31264688754888,0,-0.7886051928500311,2.4081778976883537,3.1967830905383847,37.06971339562636,67.73387237250293,1
ST1690,88.24049004514977,4,-0.7949136386455989,1.8870975216362131,2.682011160281812,77.69161030095206,34.40993683457064,1
ST1691,58.741931363020626,3,-0.23398424746283086,3.515414790957813,3.7493990384206435,74.66618358883731,81.53472354438941,0
ST1692,75.12830382317212,2,1.2611694945001104,3.6015686569628573,2.340399162462747,81.04333084251297,30.638705527688852,0
ST1693,69.93315138861566,1,1.1375547533372936,3.3733591139153836,2.23580436057809,77.92511861763737,24.295392584381407,0
ST1694,57.31869960811245,3,-0.12931633505271622,3.5526744776458905,3.681990812698607,42.42915427425493,80.41954685489874,1
ST1695,68.37672111457657,3,-0.2673002850245805,3.2251688518728834,3.492469136897464,53.92012728941701,73.71028276281399,1
ST1696,53.40861546927468,2,0.16502725942455365,2.9524767860454157,2.787449526620862,43.419229643522904,26.437507813161858,1
ST1697,51.29059534747435,1,-0.7696379640847028,1.0571988845599223,1.826836848644625,89.79320613315662,20.462117742094417,1
ST1698,56.758314457741136,3,-1.3434450241009115,0.6942336545617196,2.037678678662631,83.54873759810901,85.45591796380229,1
ST1699,98.15575557945868,5,1.3176724085136202,4.0,3.1405699760220167,48.099255189685756,79.89386339770192,0
ST1700,77.47647679475085,4,-0.9399030453684818,1.522700049232547,2.462603094601029,57.18510063184307,39.453163632969776,1
ST1701,98.291108057661,3,-0.9047978122628508,2.6863851669020775,3.591182979164928,97.82997449717392,69.23776673920301,1
ST1702,71.62489391650661,4,-0.08261901343815703,3.792268509892353,3.8748875233305102,73.62035826217735,21.174416789302974,1
ST1703,65.59080665426298,6,-0.025159965479007784,3.4889323477082876,3.5140923131872954,87.07511382457523,55.63428931429103,1
ST1704,75.3070931420122,4,-1.4446973708977742,0.9991661865911186,2.4438635574888927,52.19841725996739,11.685726285437788,1
ST1705,71.9755844316455,2,-1.056135783678088,2.415580289400472,3.47171607307856,48.653439811654835,45.24416928293999,1
ST1706,55.2832342130872,2,-0.3655355443177748,2.013068639358934,2.3786041836767087,85.95460037502565,16.73585393242646,1
ST1707,82.0413157345103,2,0.5511920805316173,2.4689422999457022,1.9177502194140847,79.5817095900436,52.76324621411943,0
ST1708,60.80190912547998,2,-0.8147446295041925,0.768738382660451,1.5834830121646435,79.26356539876464,47.95134821676049,1
ST1709,80.97939774489149,2,-0.23095666127471204,2.233335120627838,2.46429178190255,70.9212478188976,49.99465239742504,1
ST1710,82.51005461990766,2,0.1720351941494005,3.930933453392605,3.7588982592432045,71.63259228047568,14.079817184319467,0
ST1711,57.601242656432404,2,1.165777483869876,3.2632439532590674,2.0974664693891913,82.8203378449065,42.545470715364914,1
ST1712,53.06748135553341,1,-0.5217884930186301,1.4944944193058298,2.01628291232446,52.550161272877695,78.08354641899248,1
ST1713,89.038079303422,2,-1.0993252024095495,2.8252267606930515,3.924551963102601,57.92995028070212,43.20229360182581,1
ST1714,72.99002118846602,1,-0.032183322307175466,1.5303269598193048,1.5625102821264802,91.65639008380359,74.36547573486226,0
ST1715,52.90818977527379,4,0.7401648050521863,4.0,3.464455375984386,55.07623806579025,43.253085127035995,1
ST1716,99.74331585848836,1,-1.1704207288417998,1.1330041605103758,2.3034248893521756,70.51012213965444,48.09154973411678,1
ST1717,52.88902804981833,4,-0.2259495249091188,1.3677703672650297,1.5937198921741484,80.67156516043447,60.75029015463395,1
ST1718,84.75176144292766,2,-1.4466445762125497,2.347861774311409,3.794506350523959,99.99511374415647,95.56137431263743,0
ST1719,99.18394626317068,1,-1.3993224550582466,0.4497833704657124,1.849105825523959,63.29393654719658,19.797440198198966,1
ST1720,61.95900521079628,4,-0.051139910350003204,2.8283082989642354,2.8794482093142384,62.826036980621346,12.96223917950563,1
ST1721,57.11246843435981,4,-0.6054081055472117,1.5797274130266579,2.1851355185738695,89.76824466318838,64.71614654290406,1
ST1722,56.069246971121444,4,1.0353218970162366,2.698303902477964,1.6629820054617275,87.35770223189111,95.41873800355837,0
ST1723,65.16375737837978,2,0.3064629183793628,1.9312691325378106,1.6248062141584478,82.51993231274565,99.07508192992434,1
ST1724,55.052290550532334,2,-0.13820111477102892,1.650690632319818,1.788891747090847,65.10992643158687,53.57478226528016,1
ST1725,84.60806708470659,2,-0.276193886837111,1.402223647886339,1.67841753472345,56.05604281044653,52.127345897658856,1
ST1726,53.114589906503134,2,-0.008263559431310075,3.393131729368497,3.401395288799807,74.56748136801517,68.04673936706766,1
ST1727,75.47110640748949,2,-1.378683506362016,1.335231999346557,2.713915505708573,91.95451405355666,60.00712814844728,1
ST1728,99.83484269264883,5,1.17838006926198,3.5356102976344292,2.3572302283724493,92.44553478355812,67.06792518527064,0
ST1729,90.69851347530094,1,1.4949094672018752,4.0,2.545922275330018,42.0523924295785,88.65994829841048,0
ST1730,80.76097191155054,1,-0.955538625423904,2.866828213507654,3.822366838931558,62.842768447854795,77.16755525388484,1
ST1731,65.31268103933058,5,-1.1388511056761408,2.6380284261692273,3.776879531845368,65.20692715291872,54.7189652518116,1
ST1732,81.19479181458192,3,-1.0692676096542142,2.219923590652228,3.2891912003064423,98.54499888904397,51.56780131001526,1
ST1733,76.35207319558258,2,0.4830811747031014,4.0,3.7117059435542195,79.069870990768,67.56415736618044,0
ST1734,71.30416919451858,4,0.48432251535232407,2.783442584321386,2.299120068969062,61.47101712203458,51.013565597826776,1
ST1735,56.535518837009974,2,1.0437724868352327,3.4965458018559397,2.452773315020707,36.693762589063546,51.20014161390758,1
ST1736,94.33021076202334,3,0.7554791652787598,3.7897596199143297,3.03428045463557,71.75003540644774,11.467531160785434,0
ST1737,72.48923244106612,3,-0.15093097989198068,2.9081338883511796,3.0590648682431603,41.24493841649315,25.665772366657755,1
ST1738,59.73112559103825,4,0.3385660846959566,3.042815679726809,2.7042495950308525,89.23924722760461,53.966227599617774,1
ST1739,68.38796754386448,4,0.5648540111040239,3.066498632198907,2.5016446210948833,83.91371293707354,84.03881131453322,1
ST1740,70.70648762644635,2,0.03820941085567542,4.0,3.965450779021738,64.93309539403162,35.085430605441175,0
ST1741,91.37689477834371,2,-0.07304704664508987,3.4797620186492213,3.552809065294311,62.89870067021048,57.03790898180341,0
ST1742,86.6807190280701,1,0.43529233692795977,3.0227428316480727,2.587450494720113,93.32703276196997,41.0465876283309,0
ST1743,88.46524468206698,6,0.1724236469269611,3.4906548400258823,3.3182311930989212,53.74979277717834,19.432359058563012,1
ST1744,50.55156322143236,4,0.43182691600773104,2.6057311491388795,2.1739042331311484,51.1862975369401,96.24686347641706,1
ST1745,70.80769990898807,3,0.33856432189009156,2.088987637483416,1.7504233155933246,96.04783313367454,86.92064832252716,1
ST1746,74.06720758176618,2,0.6575896815409639,3.0386672454228156,2.3810775638818518,87.60097938897637,17.064318202021575,0
ST1747,50.95961384115284,2,0.4284105263486282,2.9358425266571135,2.5074320003084853,88.34066354936765,74.78085362214561,1
ST1748,62.99066043725171,2,0.059227459311801844,1.6005702707134788,1.541342811401677,47.68759792793516,41.28219139217502,1
ST1749,88.01449115610674,5,0.5453904338531594,4.0,3.53698000408974,44.314239443010734,99.53648263556133,0
ST1750,56.855485286449955,1,-0.15155410444371586,2.246429401529238,2.3979835059729537,36.691920738113765,37.215866784608,1
ST1751,76.76550657262959,3,-0.7749863220821969,2.1760590923681704,2.9510454144503675,50.4076980797142,31.486460082633993,1
ST1752,60.76009360086188,1,-1.4957453395982536,0.18916262857913635,1.68490796817739,85.3223819614311,61.11014934748647,1
ST1753,50.60603873219466,1,0.17989244143752958,2.1173845133139895,1.9374920718764599,50.602497219669736,85.16135470088837,1
ST1754,62.06007287997707,7,0.2719656798259229,3.9961999931448227,3.7242343133188998,82.39171343366695,27.32669846378182,1
ST1755,98.7936877455027,6,1.416146894327143,4.0,3.0217188197070017,51.3740372488824,73.84624927473982,0
ST1756,90.07685559414948,1,-0.41556499771717337,3.4601451277090405,3.875710125426214,60.69401236679366,15.526592482700952,1
ST1757,97.97883221605167,5,-0.31760027151506476,3.6792748144632275,3.996875085978292,98.90554884424154,92.70412687994475,0
ST1758,74.39270219631813,3,-0.8946012559734293,1.5350490323593067,2.429650288332736,50.912762533468815,17.29674245325689,1
ST1759,55.48680993387518,2,-1.2883971142880344,0.9586105459201524,2.2470076602081868,59.4640907743874,92.28082387097463,1
ST1760,77.39797444868465,3,0.8184134785852217,4.0,3.6458901378977417,54.570666730238884,54.17265245074326,0
ST1761,72.71886672799805,3,-0.7509568069820249,3.245571760611611,3.9965285675936357,42.12562411145015,50.328200151632785,1
ST1762,92.2178541369808,4,0.3267145830901139,3.400817668671257,3.074103085581143,66.84311923850362,97.5976371550339,0
ST1763,54.90412903921223,6,0.5633191066364445,4.0,3.487851806278806,59.61489311664515,99.13457599283971,1
ST1764,74.4120568510889,3,-0.08628993812505703,3.368074708913129,3.454364647038186,80.16766057747321,68.51603133649108,0
ST1765,57.50243323469921,3,1.1290563390815747,3.5174056096304422,2.3883492705488676,88.14364555185051,21.440736267134366,0
ST1766,66.23379634450299,5,-0.1686154770608137,2.767060473581904,2.935675950642718,70.37623144221651,55.55530770896822,1
ST1767,86.86785386938999,0,-0.6452741308747046,2.9373682222858295,3.582642353160534,37.0927674356769,57.62467908600962,1
ST1768,73.80090646843833,5,1.1880465688848671,4.0,3.2202846906526386,75.22995315525691,56.300178532177874,0
ST1769,68.79441425728847,2,1.0846928527498694,2.6376023877049652,1.5529095349550956,38.60039745136105,61.254265466800874,1
ST1770,69.72381392850177,1,-1.007880158770761,1.3338840134730727,2.341764172243834,75.06316103393662,11.68522424149516,1
ST1771,72.97233842029934,4,-1.4221169449382371,0.4390722965482763,1.8611892414865134,79.52694670249724,74.01045533234522,1
ST1772,89.25082719185284,4,-1.2300433309511378,0.8523871992439598,2.0824305301950976,47.854895795138695,74.11548717576892,1
ST1773,94.60423444701172,5,-0.6403578043385488,3.123365889389765,3.763723693728314,88.25749966691512,20.392279766009914,1
ST1774,97.76673432519641,2,1.4167794052251321,3.0090126275020523,1.5922332222769204,94.22053355231316,61.321549820122065,0
ST1775,89.34516931276475,2,0.17554845948247522,2.2250502393872846,2.0495017799048094,87.85065266739828,61.15250641921971,0
ST1776,65.77034478740063,4,-0.38021480391219353,1.893708576683385,2.2739233805955785,54.83209736378534,71.42053781713602,1
ST1777,84.4067353043271,4,1.1661482838382389,4.0,3.042210179915987,73.13179580896625,17.6857922921573,0
ST1778,71.8801562027696,3,-0.140591005564501,2.6946632196501628,2.8352542252146637,94.4629846974298,66.38529765394867,0
ST1779,62.73353110230256,1,-0.5542841147969366,1.4913895923365288,2.0456737071334654,55.843207204485246,35.267675567170706,1
ST1780,92.04357897129613,1,1.3236585862369723,3.2342612542948586,1.9106026680578863,88.30180844725263,55.63026914465547,0
ST1781,51.92131744811625,1,1.048552998578034,3.140548085068331,2.091995086490297,35.61588353201027,79.5991197433669,1
ST1782,95.08809960677118,1,1.0310051262583229,3.7873291930124617,2.756324066754139,35.23703568100396,73.5081342726712,0
ST1783,73.0738732312367,4,0.036854229150639295,2.214798693428648,2.1779444642780086,84.38125792203289,20.701271591019406,1
ST1784,81.86007384041402,3,0.8683151964463649,4.0,3.8690062540193053,84.49409283826287,63.20663084044659,0
ST1785,82.96769611028913,4,-0.9619399222063444,1.6977231313657746,2.659663053572119,86.2835172103991,97.22048778466647,1
ST1786,94.75588703532682,3,0.21966887266873103,1.8666589140303236,1.6469900413615925,95.45174446273055,24.1092493601502,0
ST1787,81.83348410836037,3,1.4515377685426372,4.0,3.3231660145915836,42.663910268318475,86.76163789528734,0
ST1788,80.69667923800309,3,-0.627124708446115,1.694988512076359,2.322113220522474,50.079024023939745,73.22932724983993,1
ST1789,53.3326020280345,0,0.8830569877430254,4.0,3.133722330145619,93.74211982429749,79.66029816187837,0
ST1790,75.9204010972602,6,-0.028564778375798294,2.1704211479322817,2.19898592630808,46.52035285520297,35.37624944283809,1
ST1791,57.50845004085208,4,-1.380582950333738,1.546276403999562,2.9268593543333,79.34490239247796,35.91000364418582,1
ST1792,86.87168843607428,1,0.7890581934470022,4.0,3.4303812620186616,69.480095002653,91.54175101988393,0
ST1793,75.61109604063373,6,-0.9942925668236616,2.8257292876127234,3.820021854436385,40.40758899534797,42.38488288833028,1
ST1794,84.01138896041766,1,0.39442070139825036,2.5472385624809433,2.152817861082693,53.54213802619964,15.671385162352944,1
ST1795,52.083645030119214,3,-1.2430074178590813,1.0941349596383716,2.337142377497453,68.8241940686629,64.05370332215051,1
ST1796,54.23960080229016,6,1.3406021924878946,4.0,2.660666050714849,90.40275758444922,21.23359021376584,1
ST1797,85.81616940313411,3,-0.6248283384589173,3.1931087558810547,3.817937094339972,80.9900018249538,81.69366172671174,1
ST1798,53.60421679993367,1,-0.8206059249678153,2.9328612170588273,3.7534671420266426,75.42240549457065,67.75717982509516,1
ST1799,53.56283638826293,4,-1.112590787800997,0.612104912450598,1.724695700251595,67.24213784619197,88.72538546990874,1
ST1800,50.605423761744376,1,1.3380065800171432,3.1678311444016702,1.829824564384527,54.41445894791873,80.63535248043718,1
ST1801,97.82506991497401,4,0.6357112273239154,3.374484170650511,2.7387729433265955,42.75091923575198,20.090228350437656,1
ST1802,86.87541797295034,5,0.7249826661542658,2.4915308481678244,1.7665481820135587,61.58994224679621,44.296360879098,1
ST1803,67.66257042510321,1,-0.001786315859266363,2.3621658675124775,2.363952183371744,36.85370210423402,79.71042249231286,1
ST1804,64.82677906438276,2,-0.07581664418854972,1.7951468013551444,1.870963445543694,48.71863280234529,47.56073259396932,1
ST1805,67.48516148729247,5,-1.16993627102557,1.9201646168041446,3.0901008878297147,63.111419431722894,97.51289363019805,1
ST1806,88.73267655905909,9,0.17952328675197515,4.0,3.873738579347904,62.20933706867448,76.21664049041043,1
ST1807,83.06853055352072,5,-0.7592505146736287,3.232583911062325,3.991834425735954,37.8792030148045,11.394992502128892,1
ST1808,59.259778393373395,4,1.4314359984012173,3.8695388296435045,2.438102831242287,73.28890997914394,89.19871224047527,0
ST1809,58.70546676670422,4,0.8897428200454423,3.8872744128319727,2.9975315927865305,70.72947663046035,19.072430638170182,1
ST1810,54.91978248566986,4,-0.26102381942133723,3.379645314388866,3.6406691338102033,40.07677976135933,22.647135176207726,1
ST1811,83.0151359850669,3,-1.045976223925401,0.747678958065559,1.7936551819909599,96.30559840992856,76.10431605499458,1
ST1812,88.2186331110868,2,0.8559950734163522,4.0,3.2239110276299123,41.45988063180591,87.84717034874322,0
ST1813,63.2523214162502,2,-1.133838698756052,1.3882704555566185,2.5221091543126706,90.56421983042685,58.27146651096004,1
ST1814,51.047248051545644,7,-0.9319987395087885,1.0833666611916217,2.0153654007004103,35.02013257447538,36.01447596512013,1
ST1815,54.10858337382137,4,-0.8654384467673177,1.6414456001012871,2.506884046868605,92.3482711779499,41.6183990727858,1
ST1816,98.39300174225153,3,0.170671914819283,1.8605726322315752,1.6899007174122922,36.28178259328032,40.86003966364504,1
ST1817,64.77223887387102,1,0.8611699619710986,4.0,3.238517871473264,84.25778207298754,39.401029342856106,0
ST1818,88.46115739190668,1,-0.5570553638259234,1.5748013080452097,2.131856671871133,58.509902734516444,31.86187046394848,1
ST1819,81.23317844271318,2,-1.2459905571741317,1.0325235554380634,2.278514112612195,82.98409200886078,64.79803851663098,1
ST1820,69.09698198264479,2,-0.10638460942674244,1.6963186361769145,1.802703245603657,61.113438352623604,91.03647867085606,1
ST1821,60.28436310977776,4,0.7443307234798064,4.0,3.661647784724729,39.60901495156971,37.63741717750071,1
ST1822,56.06932090797032,3,-0.8350084707378351,1.8986022274690115,2.7336106982068467,84.88793520069866,26.802486771527086,1
ST1823,80.75064840194332,4,-0.8402263558818773,2.0901408385841234,2.9303671944660006,39.63142454588872,85.47198997342824,1
ST1824,88.7316890318894,6,1.3416810820401324,4.0,2.9235817077371364,94.93782833747917,76.76049978007329,0
ST1825,82.19521267705653,2,1.3624611813575336,3.888693967710888,2.5262327863533542,38.31331232645799,93.77533284039194,0
ST1826,76.51510666245792,5,1.4713971961847294,3.4527219847800783,1.9813247885953487,66.1561430551485,24.896776204441867,0
ST1827,52.097561171581816,1,0.9229788047243401,4.0,3.3628318712459997,81.99723800530171,22.982618270493237,1
ST1828,98.42443887971919,4,-0.9354474924961633,0.8821931708980224,1.8176406633941857,60.56102021148246,58.728645487449704,1
ST1829,89.93570958272872,2,-0.8640554376022159,0.8956290380948103,1.7596844756970262,49.120175848508254,65.29902893515857,1
ST1830,64.64110183504823,5,-0.4793242754328242,2.796038318558434,3.2753625939912583,84.34091249074176,53.21560976736306,1
ST1831,98.99851646794252,2,-0.5456024059995275,1.4764901451304322,2.0220925511299597,85.97915581126722,63.906997269148796,1
ST1832,80.09407948181611,4,1.3695832472340275,3.6365151256161083,2.266931878382081,94.97517395703386,26.234179198756422,0
ST1833,79.12113291036232,2,0.867221948645081,3.5552906161494318,2.688068667504351,59.45073217802005,53.165237874767506,0
ST1834,87.4036589714766,6,0.6720263764846619,3.295404668308527,2.6233782918238653,67.90636274232625,69.22833048457011,0
ST1835,90.58848940450687,2,-0.9421103278256046,2.3293374848368935,3.271447812662498,58.60334878499468,48.943580432383335,1
ST1836,82.82393036657513,0,1.2285766780869887,4.0,3.058579483608402,51.710318420338936,71.1502602234938,0
ST1837,56.40478731831,2,0.9836111385185213,4.0,3.1109904057046642,83.81714249994457,50.60721524984557,0
ST1838,66.91337529972492,3,-1.009074476016229,2.276061350622414,3.2851358266386432,57.07736992610211,40.02396227580495,1
ST1839,96.40418201630249,2,1.1135109958829172,3.3450428144415807,2.2315318185586634,62.829713729502885,37.32445423783831,0
ST1840,61.230780592192595,4,-0.6832573908885862,1.622575888612598,2.305833279501184,61.23878774556181,46.98118530897292,1
ST1841,68.60835119187567,2,-1.257390762503682,1.3376036072352036,2.5949943697388855,81.32297966703848,12.078066041398074,1
ST1842,71.6038441472098,2,0.4704669195426301,2.7391223521264454,2.2686554325838153,94.65671569719419,70.16726246015023,1
ST1843,71.97024948472261,4,0.4614139781529918,4.0,3.9623446724271587,78.33914398497953,86.05950768822356,0
ST1844,80.64697912472627,1,-1.2152039713031457,2.3199258447504283,3.535129816053574,65.65286874612512,41.91643849988067,1
ST1845,97.15379188723537,1,-0.5434445731902529,1.368192147449821,1.911636720640074,85.64833245802743,14.14298225275467,1
ST1846,62.034635591625246,4,1.4784433867666156,2.9924287764712894,1.5139853897046738,76.66313606793894,98.80980376470019,0
ST1847,56.0750688150459,3,0.5352800010262104,2.1422381716443804,1.6069581706181697,38.93967321265788,33.732842990596026,1
ST1848,59.873524492996864,8,0.6902254998099875,2.8003841274173005,2.110158627607313,41.21813311722471,21.39590095216957,1
ST1849,94.34624501046348,1,-0.861248143187083,0.9244800714050584,1.7857282145921414,37.46460136478617,43.277725717572515,1
ST1850,82.2905406327603,4,-1.263653786988257,1.5696915002431733,2.83334528723143,64.69306120341079,76.4701336570201,1
ST1851,64.29533946195801,2,-0.669294930777187,2.9756931260412096,3.6449880568183968,88.68047323203271,36.45249372015091,1
ST1852,90.79734694843086,2,-0.7533048444204241,2.5885707078626443,3.3418755522830685,55.35040600783788,61.723288352753904,1
ST1853,93.0684998181718,3,-0.7963676977558407,1.2426549599496353,2.039022657705476,59.97041190101131,47.4003994993428,1
ST1854,92.3257169345139,4,-0.9217370343388813,1.5765111057255834,2.4982481400644647,94.11601204391289,20.598759304895665,1
ST1855,95.94632668197772,3,0.22426707196621298,2.9940025957944068,2.769735523828194,89.39872394558256,39.725831124289925,0
ST1856,62.612051008668075,4,-0.5156895724745347,3.009825051283804,3.5255146237583386,78.2281273048664,75.238345514266,1
ST1857,87.75209643731392,5,0.9610350451425913,4.0,3.597804007765412,52.34224583599634,65.08035075983011,0
ST1858,73.026974863707,5,-0.948157746457848,2.826138033311592,3.77429577976944,42.607696374748826,20.78005418952049,1
ST1859,92.09992764450308,2,-0.10611878739436653,2.6669943388628217,2.773113126257188,36.04382347420739,24.69901687428777,1
ST1860,86.42453385808065,5,-1.45902649072176,1.7766603753678971,3.235686866089657,41.95569371928735,67.6660023376701,1
ST1861,88.82237232498623,3,-0.05495303263442386,1.724547895450419,1.7795009280848428,54.01876883555628,83.2073872888782,1
ST1862,82.80809188405357,5,-1.332485337370577,1.5807370625143782,2.913222399884955,70.86635413266723,41.45270463623523,1
ST1863,58.87143847348534,3,1.433170535617931,3.5549000592957687,2.1217295236778377,39.16000537890515,63.57796766591051,1
ST1864,77.25134594484692,6,0.8717763859512386,3.4510685985177663,2.5792922125665276,43.854805590699186,25.357922987689477,1
ST1865,99.23348697622541,1,-0.029665570090633864,3.0554607006761647,3.0851262707667986,46.770245650016165,38.02387032147915,0
ST1866,96.86940332485594,1,-1.2402379254619493,0.9022269191725032,2.1424648446344525,76.0788360439149,11.824318510574734,1
ST1867,52.158686789850584,4,0.27733632237124284,1.9077989668631454,1.6304626444919026,75.02633693370808,79.14483530195703,1
ST1868,58.24074078647186,3,0.7762912521056324,2.3018758931275265,1.5255846410218938,70.79977221418994,46.09088377956701,1
ST1869,56.58643867272809,7,-0.9278482409857641,0.6275505978755397,1.5553988388613038,51.282592605236076,83.45130162885584,1
ST1870,86.29899549926478,2,0.20462502236247238,1.7254993661468965,1.520874343784424,59.12277992921758,73.75356964204536,1
ST1871,90.88926649284726,0,0.9426326951486041,2.7185203365432926,1.7758876413946887,41.2848315619533,84.58698391556293,0
ST1872,60.675568315533596,2,0.8047433329389491,2.9034651193642738,2.0987217864253247,49.71993924427357,35.70928026245945,1
ST1873,75.29263464759146,3,0.9089760536014588,2.9620298390572066,2.053053785455748,93.35083972071773,26.659785738506073,1
ST1874,92.03515140056,2,1.1379702746091596,4.0,3.966991485449742,98.67996351832885,97.47151143865035,0
ST1875,86.64007723831253,3,1.3130463064784106,3.5780615695007687,2.265015263022358,77.09787306661916,74.55950083367826,0
ST1876,77.11186027459242,3,-0.2834365343893923,1.5351154240091054,1.8185519583984977,94.5935139815223,85.06380411340034,1
ST1877,79.51738452293864,1,0.2063073075686317,3.0702136679880265,2.863906360419395,76.77822352609263,11.182003633894036,1
ST1878,75.418027345814,4,0.8719785781368325,4.0,3.644893638493771,37.15777159685554,41.90154582662979,0
ST1879,64.87742256594103,4,0.5914194418373495,3.7865703838065374,3.195150941969188,99.78956802411659,76.85350215195984,0
ST1880,78.2510996429508,4,1.4865606847931363,3.726765907631762,2.2402052228386258,41.43189960962477,17.0184549690985,1
ST1881,84.44426510250453,3,-1.4589670466860676,1.4450733527925699,2.9040403994786375,79.37171709392894,61.06059366120421,1
ST1882,93.66614579304039,2,-0.434600354052628,2.8525395814483954,3.287139935501023,51.43435319986135,48.61654907095029,0
ST1883,81.8145676989624,2,-0.6569162211893926,2.663345009729963,3.320261230919356,60.47877233895241,11.585485642699657,1
ST1884,88.0560768521579,2,-0.7130524495033962,2.453293688740826,3.166346138244222,76.98572201206099,31.237801940750625,1
ST1885,58.003581747728646,0,-0.8324106525033427,2.8446154094357023,3.677026061939045,63.37167770500096,35.63127901600428,1
ST1886,73.07787372098949,4,0.6273715224456873,4.0,3.675263645860261,51.285493830523336,20.06739517116902,1
ST1887,50.46658099135467,2,-1.2457215801740344,1.7016198183434736,2.947341398517508,56.73900214709111,66.83832187683944,1
ST1888,62.33394322608115,4,0.7248265018300151,3.2994674246080455,2.5746409227780305,57.200627600006456,31.81580886267001,1
ST1889,86.32308575565024,2,0.5802775260488202,3.6842032649615697,3.1039257389127495,97.3560537930339,34.98575496574495,0
ST1890,99.59049756746816,7,-0.7475876024973108,2.797942400928847,3.545530003426158,86.90984603502432,90.84147383801327,1
ST1891,54.958904979360796,5,-0.7414986505045162,0.7726316115984455,1.5141302621029618,64.805670146161,52.04107834238255,1
ST1892,70.07471579306441,3,0.38658175603350653,4.0,3.9799925225371275,47.98835982218867,45.29153322723451,1
ST1893,90.00354843495798,1,0.7865133164510336,2.743747747274032,1.957234430822998,87.71604716707265,75.14839344832455,0
ST1894,60.20178173144494,4,1.1294568392620965,3.805079303412037,2.6756224641499404,45.21686065454428,91.86524171946209,1
ST1895,77.7542474651143,1,1.0564186915634273,4.0,3.680074337107167,48.68004411423022,12.253270261369945,0
ST1896,86.65356480148374,2,1.3946489824915593,3.4572499801020578,2.0626009976104984,58.79087046960983,50.34149618998568,0
ST1897,80.79927251300896,2,0.2441546860095336,2.936142745760492,2.6919880597509582,92.22263273037936,64.97032204701526,0
ST1898,59.401236730770805,4,1.225966684021079,3.057422134474027,1.8314554504529479,43.56613346121716,38.67067883133906,1
ST1899,67.76922843428697,5,0.9255398197812323,3.4132306332517137,2.4876908134704814,42.9452225355442,79.51669499109175,1
ST1900,89.18958922426987,2,1.1840028729420409,3.1268415099245472,1.9428386369825064,67.10837423984229,97.43293632432464,0
ST1901,77.71132570660083,2,-1.4651201961439,0.9439491757839926,2.4090693719278926,52.966685171088855,94.90846296252549,1
ST1902,50.261480677145634,2,1.3977089755974328,3.8313695175792377,2.433660541981805,71.9673162071304,33.938428544194764,0
ST1903,88.0495380014047,3,-0.07940951146056507,3.903517462535267,3.982926973995832,64.35638450440953,30.37044505937374,1
ST1904,51.76556774701196,4,0.8945489687245285,4.0,3.9870325732594307,63.27234191282909,96.17414779190989,0
ST1905,87.2866891365616,1,-1.1183876419866574,0.6685780546648736,1.786965696651531,42.278243081654566,51.27656386883193,1
ST1906,60.124028008261874,4,-0.3121767125580779,3.00274523576279,3.314921948320868,44.168229866239614,28.746795077622256,1
ST1907,97.90367400596901,5,-0.6856180109370272,0.9437456882357257,1.629363699172753,88.37010753404525,73.62972672673763,1
ST1908,68.39703756510423,1,-0.6250236884971889,0.9504563498457828,1.5754800383429717,92.58237794216339,35.597829151341244,1
ST1909,66.34658081690395,2,-1.1302331401473547,0.6331015954650561,1.7633347356124107,50.254429637541264,34.052227756394714,1
ST1910,57.44440251662223,3,0.9172914976290212,4.0,3.9137141425198347,42.37493259910999,89.13241387700063,1
ST1911,65.28021077451075,1,-1.4722730562567654,2.379885813479978,3.8521588697367433,38.47208367574319,24.62312380392131,1
ST1912,93.83253809141003,3,-0.5624836290443925,1.4223359216573086,1.984819550701701,74.5393448932233,15.795365181961275,1
ST1913,99.81671688136237,4,-0.9767683703507549,0.9274124685335238,1.9041808388842787,81.49795881251336,34.22677961545185,1
ST1914,68.41547652534241,4,0.2671168218250215,2.368454538114889,2.1013377162898674,59.23264929820836,64.62508715543834,1
ST1915,72.43053154772713,3,-0.7372427921563685,2.0516246930314868,2.7888674851878554,79.17893138689158,21.07790680629435,1
ST1916,86.10354691013686,5,-0.723004636415701,2.2012569436728238,2.9242615800885248,81.34232301136919,52.44352050491144,1
ST1917,94.30978902325373,1,-0.034985568014043844,2.0189980080845746,2.0539835760986183,95.79724829079885,66.46033993827879,0
ST1918,79.6522167093392,4,0.4580671180227771,3.8496240882476402,3.391556970224863,39.21678645928197,86.38632933338565,1
ST1919,69.57628490889147,2,-1.1360858863045091,1.137797037202118,2.273882923506627,47.498962010020186,30.688263208202894,1
ST1920,70.63109204243119,1,-0.9734656426035115,2.831862671220014,3.8053283138235257,39.454189193804226,83.56116910445105,1
ST1921,84.78090732484034,4,-0.7584757662164472,2.383330999925379,3.1418067661418263,91.41960566684719,31.141563501811472,1
ST1922,50.16091318021393,3,1.4212446423538818,4.0,2.590877985759029,86.51816540218195,70.90898871156764,0
ST1923,80.97946687299203,2,-0.30854250017123896,3.166237504085874,3.4747800042571133,72.35173459041954,48.76062143342096,0
ST1924,67.77465052206787,2,0.29697027189307956,3.8417568370097417,3.544786565116662,40.4381216533269,20.321311814080318,1
ST1925,89.7098665638542,1,-0.7753715618520663,1.4508324521702929,2.2262040140223593,52.765303312491774,74.28371165396638,1
ST1926,54.64953199115661,2,-0.028621424527536243,2.320664935062675,2.349286359590211,54.351790123803596,29.5986356694116,1
ST1927,79.41011334741953,4,-1.277642476842126,2.5622454074793826,3.8398878843215085,71.44830774100211,25.896108342213232,1
ST1928,74.04864449430619,4,-1.3957735622330192,0.5160790336751606,1.9118525959081798,51.7728531123865,42.24906357304449,1
ST1929,82.11627629526137,6,-0.09379941953561932,1.5115766228717162,1.6053760424073356,39.742391154342066,68.79612202835352,1
ST1930,53.24267972414842,1,-0.3040221374447638,2.331116169079109,2.635138306523873,82.49954962046445,31.0596830911565,1
ST1931,78.99918937140657,4,-1.089359040924517,2.413665709684555,3.503024750609072,54.44021375760174,26.529538490369717,1
ST1932,78.07422939797618,0,0.5628042867622014,3.991974552539066,3.4291702657768646,64.40432150651455,10.89582631420279,0
ST1933,78.03300472080855,2,1.4787104726977933,4.0,3.7988265722820813,43.29833127384985,52.44787873915512,0
ST1934,80.17438332982275,2,-0.3130595364098627,2.519942124512738,2.8330016609226005,87.16563972064768,48.57810123836644,1
ST1935,83.82339686131812,2,0.3736759077521834,2.1238375866685164,1.7501616789163332,71.75957200006374,31.048096927363865,1
ST1936,90.24944998403848,1,1.388927827093457,4.0,2.9717224358400403,93.60306570364108,14.828694760872168,0
ST1937,63.49103600641072,3,0.9946049173406255,4.0,3.445989035883029,67.20565159924666,48.63302871362532,0
ST1938,91.2524705090031,5,-0.10934333009194264,1.6239769705826235,1.733320300674566,96.19266866816218,80.93845999644681,1
ST1939,74.91278411317268,1,0.7124684533797581,2.6441119561237327,1.9316435027439744,92.97143328478619,74.37539181944592,0
ST1940,53.852913956716556,2,-1.115594879248428,0.41513177364074916,1.5307266528891772,72.4698906698502,87.47154008741532,1
ST1941,52.92754646219896,5,0.036311566391397765,3.0204430150084236,2.984131448617026,95.70307347974112,10.862441894184006,1
ST1942,66.71191593480305,2,-0.6628191684601904,3.0540168114045705,3.716835979864761,56.000768574145894,96.97773851241386,1
ST1943,89.24484885557338,2,-1.0165089363115167,2.160149353693732,3.176658290005249,58.76674057577374,40.72710273647035,1
ST1944,85.3840467370458,4,-0.22115728123639533,3.73394293774106,3.955100218977455,37.956066834892404,99.13580164827682,1
ST1945,89.43074823362032,2,-1.1069563366991568,0.5506277945502471,1.657584131249404,73.29805893965045,32.73575145415972,1
ST1946,75.86345282208046,2,0.5969553245234565,4.0,3.7575027128787406,81.92505804538067,52.43827488204203,0
ST1947,72.00994989777453,3,-0.13127986783999335,3.4038908506267083,3.5351707184667016,85.2787473657367,41.85349089177733,0
ST1948,57.372626335314195,4,0.09343389769399146,2.3790376989427537,2.2856038012487625,44.738058592996715,42.01846434948724,1
ST1949,66.40963768046558,4,-1.0608721839955289,2.8729441955976007,3.9338163795931296,63.87033970031252,85.80538888733942,1
ST1950,71.70096830869376,4,-1.0806850167195166,1.1391593537090212,2.2198443704285378,46.496108786104514,77.17770457636048,1
ST1951,54.43002148398086,5,0.2502463057803723,3.9735081153509184,3.723261809570546,78.03827767552617,99.29362917070434,1
ST1952,61.03059763556056,2,1.455029243488339,4.0,3.7018714426854737,45.26651420741493,65.21632144457612,0
ST1953,79.91126470318694,0,-1.2112482502868231,2.182895791220608,3.394144041507431,93.77063945714488,51.69309439550524,1
ST1954,86.7831557119595,3,-0.6428057143026562,2.2658704702294736,2.90867618453213,49.991251967991865,18.1066476652202,1
ST1955,99.91737556964748,3,1.1083773496136624,2.9083842236558826,1.8000068740422202,53.941147308735914,99.6905277562471,0
ST1956,96.65566656717789,2,-1.2831839632342892,1.5467453730069562,2.8299293362412454,90.30891093981498,59.63775876390546,1
ST1957,82.12825997675958,3,1.127657164100854,3.5196478032381906,2.3919906391373367,64.80039465947205,73.04297227211276,0
ST1958,71.0624026647036,5,0.07285795012425345,3.5534005330126326,3.480542582888379,36.55973647700475,46.606814847218025,1
ST1959,81.80886823541164,1,-0.27519967822072244,3.1201233380213895,3.395323016242112,67.14810632817198,59.294413736131226,1
ST1960,89.2825809040116,2,-0.5709583069456324,3.2055729614858803,3.776531268431513,40.495316799708,94.83199587035985,1
ST1961,55.91680954616937,4,-0.6086485256164743,0.9284268804627954,1.5370754060792697,99.04740671467519,24.977749413844247,1
ST1962,70.4952444848144,2,-0.5825922526515637,2.9401657894060516,3.5227580420576152,73.22725207961415,36.31353258972291,1
ST1963,91.99011428178086,0,1.1544092428805874,4.0,3.846155132811672,51.6746201447136,23.68537550002291,0
ST1964,69.1916475966522,5,0.6713856905243567,4.0,3.4732511227703755,71.64164917059514,81.29943134242973,1
ST1965,78.59361356135932,0,0.5091690234934516,2.3346551731693683,1.8254861496759167,39.99636171981406,15.58407343796466,1
ST1966,79.38846804310991,2,0.8962474468560022,2.5994452089582216,1.7031977621022194,86.99293477747311,17.34684848662045,0
ST1967,59.22381265668197,3,-0.728656010987565,0.823457088531687,1.552113099519252,95.14632350117064,36.864470150863184,1
ST1968,68.11177208261442,2,0.35412843624526724,3.425991500815445,3.0718630645701777,91.83888523340036,56.276936282891015,0
ST1969,66.72556443709661,6,-0.11980128312614724,2.954380346523571,3.0741816296497184,57.21424414940658,46.564732050362785,1
ST1970,51.30983542660324,5,0.8473249056005803,4.0,3.9672842855455306,56.17492777681895,14.033467960372654,1
ST1971,51.209588194567765,3,-0.5722316685801435,1.9228762666800958,2.4951079352602394,37.2806947290595,96.17424020838564,1
ST1972,91.58485218378868,4,0.42953585060968713,2.759301562853429,2.329765712243742,77.3410233155596,95.75825683222753,0
ST1973,63.65354049864062,5,1.1466372354519403,4.0,3.0610623179609813,69.76881097233667,35.14206909166839,1
ST1974,75.90393831194078,2,-0.29354857141521373,3.270473109853771,3.5640216812689847,64.85751413627719,75.83730537417233,0
ST1975,64.93627867943866,2,-1.3001337378976157,2.541801135909889,3.8419348738075048,93.99601196675596,62.07178702449014,1
ST1976,97.03396225576702,4,0.04815246702537834,3.5559628824729748,3.5078104154475964,45.91212857038501,31.372902550506165,1
ST1977,62.964837943288686,4,-0.4620825365789223,2.1046024149605893,2.5666849515395116,35.62830733486185,33.59543965674539,1
ST1978,71.48284063694675,7,0.5166761416415246,3.603961729921685,3.08728558828016,39.76556938784975,54.203785687940545,1
ST1979,93.63651252423008,6,1.3530987742458183,4.0,3.6407483167902925,49.51914345877898,47.73132473476241,1
ST1980,92.09667833959043,4,-0.043175046009459095,2.6833491747698894,2.7265242207793485,37.1635607021247,36.21063954081378,1
ST1981,59.305070892313864,3,-0.10142930953339846,1.940287299730083,2.0417166092634815,67.6848411918038,82.6760436674634,1
ST1982,90.13216548978552,5,0.4637544005743808,2.3880629999440632,1.9243085993696825,55.41587959018257,53.33166258736464,1
ST1983,72.90934433689463,2,-1.189507489219297,0.3108868722258449,1.5003943614451418,46.73139552442862,68.9363256150215,1
ST1984,74.14844360426775,6,-0.7394814332249561,2.5561135542282547,3.2955949874532107,83.75546487166304,27.03461501510879,1
ST1985,56.67399862079719,2,1.2569379765011957,3.034680998616172,1.7777430221149761,48.28933620511445,58.015689626483805,1
ST1986,54.03007568785623,6,0.5098278400912988,2.6194255893311498,2.109597749239851,79.69433156459655,38.61784445019593,1
ST1987,86.39696534868827,3,-1.4596678680497512,0.7850229607572321,2.2446908288069833,57.70221888009653,57.37722493553904,1
ST1988,74.82305761776499,2,-0.8861235823229404,2.01482606801898,2.9009496503419205,68.26880444306605,80.27432500698353,1
ST1989,71.84253513075898,5,0.5485117980866971,3.04340499132612,2.494893193239423,95.70135759033579,79.20218890821356,0
ST1990,86.47541143261984,3,0.7931976076877225,3.979882587745627,3.1866849800579047,37.427856263027834,41.87986102308483,0
ST1991,88.27564494955548,2,1.0195787180221254,2.658675366343882,1.6390966483217568,67.51719298603501,72.48494053716752,0
ST1992,57.94540838346768,2,-0.6234695898538654,1.1863783958072331,1.8098479856610985,90.53749242129518,94.71609553548492,1
ST1993,80.51125747388207,1,1.2930857888326877,4.0,2.7480287588331667,73.21832614407265,66.31023969324158,0
ST1994,56.76770411388428,4,0.15884068073367708,2.5012526503507515,2.3424119696170744,52.996583602735186,23.356911104437344,1
ST1995,87.56875430145229,2,0.5896170671636787,2.829150474042078,2.239533406878399,60.84927378442723,71.17377663511857,0
ST1996,82.84775781335698,3,0.29021658833972386,1.9577867859335307,1.6675701975938069,79.21726586735736,19.44139477143802,1
ST1997,97.8307310541729,2,-1.1317798359761386,2.6075181008938646,3.7392979368700034,92.90277313039721,88.48993679137244,0
ST1998,53.44790081782106,3,1.3893439781546393,4.0,3.2295464653126267,37.66931429352975,56.49944462217463,1
ST1999,52.852736057562716,2,-1.1313732603175422,0.6726721317315814,1.8040453920491235,39.65002342287447,44.66266626804216,1
ST2000,64.10935373466,0,-0.7353541307664492,0.9272607635764024,1.6626148943428516,56.12834903462319,15.130593518472313,1
